R-srpm-macros	(none):1.3.7-2.fc44.noarch
SDL3	(none):3.4.14-1.fc44.x86_64
abattis-cantarell-vf-fonts	(none):0.301-17.fc44.noarch
abseil-cpp	(none):20260107.1-1.fc44.x86_64
add-determinism	(none):0.7.3-2.fc44.x86_64
adobe-mappings-cmap	(none):20231115-5.fc44.noarch
adobe-mappings-cmap-deprecated	(none):20231115-5.fc44.noarch
adobe-mappings-pdf	(none):20190401-12.fc44.noarch
adwaita-cursor-theme	(none):50.0-1.fc44.noarch
adwaita-icon-theme	(none):50.0-1.fc44.noarch
adwaita-icon-theme-legacy	(none):46.2-7.fc44.noarch
alsa-lib	(none):1.2.16.1-1.fc44.x86_64
alternatives	(none):1.33-5.fc44.x86_64
annobin-docs	(none):13.14-1.fc44.noarch
annobin-plugin-gcc	(none):13.14-1.fc44.x86_64
ansible-srpm-macros	(none):1-20.1.fc44.noarch
appstream	(none):1.1.3-1.fc44.x86_64
aribb24	(none):1.0.3^20160216git5e9be27-5.fc44.x86_64
assimp	(none):6.0.5-2.fc44.x86_64
at-spi2-atk	(none):2.60.6-1.fc44.x86_64
at-spi2-core	(none):2.60.6-1.fc44.x86_64
atk	(none):2.60.6-1.fc44.x86_64
audit-libs	(none):4.2.1-1.fc44.x86_64
aurorae	(none):6.7.4-1.fc44.x86_64
authselect	(none):1.7.1-1.fc44.x86_64
authselect-libs	(none):1.7.1-1.fc44.x86_64
avahi-glib	(none):0.9~rc2-8.fc44.x86_64
avahi-libs	(none):0.9~rc2-8.fc44.x86_64
bash	(none):5.3.9-3.fc44.x86_64
binutils	(none):2.46.1-1.fc44.x86_64
bluez-libs	(none):5.87-4.fc44.x86_64
breeze-icon-theme	(none):6.29.0-1.fc44.noarch
bubblewrap	(none):0.11.0-4.fc44.x86_64
build-reproducibility-srpm-macros	(none):0.7.3-2.fc44.noarch
bzip2	(none):1.0.8-23.fc44.x86_64
bzip2-libs	(none):1.0.8-23.fc44.x86_64
ca-certificates	(none):2025.2.80_v9.0.304-7.fc44.noarch
cairo	(none):1.18.4-6.fc44.x86_64
cairo-gobject	(none):1.18.4-6.fc44.x86_64
cdparanoia-libs	(none):10.2-50.fc44.x86_64
cjson	(none):1.7.19-1.fc44.x86_64
clang-libs	(none):22.1.8-4.fc44.x86_64
clang-resource-filesystem	(none):22.1.8-4.fc44.x86_64
cmake	(none):4.3.0-1.fc44.x86_64
cmake-data	(none):4.3.0-1.fc44.noarch
cmake-filesystem	(none):4.3.0-1.fc44.x86_64
cmake-rpm-macros	(none):4.3.0-1.fc44.noarch
cmake-srpm-macros	(none):4.3.0-1.fc44.noarch
codec2	(none):1.2.0-9.fc44.x86_64
colord-libs	(none):1.4.8-4.fc44.x86_64
coreutils	(none):9.10-5.fc44.x86_64
coreutils-common	(none):9.10-5.fc44.x86_64
cpio	(none):2.15-9.fc44.x86_64
cpp	(none):16.2.1-2.fc44.x86_64
cracklib	(none):2.10.3-1.fc44.x86_64
crypto-policies	(none):20251128-3.git19878fe.fc44.noarch
cryptsetup-libs	(none):2.8.7-1.fc44.x86_64
cups-filesystem	1:2.4.19-3.fc44.noarch
cups-libs	1:2.4.19-3.fc44.x86_64
curl	(none):8.18.0-8.fc44.x86_64
cyrus-sasl-lib	(none):2.1.28-35.fc44.x86_64
dash	(none):0.5.13.1-3.fc44.x86_64
dbus	1:1.16.2-1.fc44.x86_64
dbus-broker	(none):37-8.fc44.x86_64
dbus-common	1:1.16.2-1.fc44.noarch
dbus-libs	1:1.16.2-1.fc44.x86_64
debugedit	(none):5.3-2.fc44.x86_64
default-fonts-core-sans	(none):4.3-1.fc44.noarch
desktop-file-utils	(none):0.28-5.fc44.x86_64
device-mapper	(none):1.02.212-2.fc44.x86_64
device-mapper-libs	(none):1.02.212-2.fc44.x86_64
devscripts-checkbashisms	(none):2.26.5-1.fc44.noarch
diffutils	(none):3.12-5.fc44.x86_64
dnf5	(none):5.4.3.0-2.fc44.x86_64
dnf5-plugins	(none):5.4.3.0-2.fc44.x86_64
docbook-dtds	(none):1.0-91.fc44.noarch
docbook-style-xsl	(none):1.79.2-27.fc44.noarch
double-conversion	(none):3.4.0-3.fc44.x86_64
doxygen	2:1.16.1-3.fc44.x86_64
duktape	(none):2.7.0-11.fc44.x86_64
dwz	(none):0.16-3.fc44.x86_64
ed	(none):1.22.5-2.fc44.x86_64
efi-srpm-macros	(none):6-6.fc44.noarch
elfutils	(none):0.195-1.fc44.x86_64
elfutils-debuginfod-client	(none):0.195-1.fc44.x86_64
elfutils-default-yama-scope	(none):0.195-1.fc44.noarch
elfutils-libelf	(none):0.195-1.fc44.x86_64
elfutils-libs	(none):0.195-1.fc44.x86_64
emacs-filesystem	1:30.2-2.fc44.x86_64
enchant2	(none):2.8.19-2.fc44.x86_64
erlang-srpm-macros	(none):0.3.11-1.fc44.noarch
expat	(none):2.8.1-1.fc44.x86_64
extra-cmake-modules	(none):6.29.0-1.fc44.noarch
fakeroot	(none):1.37.1-4.fc44.x86_64
fakeroot-libs	(none):1.37.1-4.fc44.x86_64
fdk-aac-free	(none):2.0.3-2.fc44.x86_64
fedora-gpg-keys	(none):44-1.noarch
fedora-logos	(none):42.0.1-3.fc44.noarch
fedora-release-common	(none):44-18.noarch
fedora-release-container	(none):44-18.noarch
fedora-release-identity-container	(none):44-18.noarch
fedora-repos	(none):44-1.noarch
fftw-libs-single	(none):3.3.10-17.fc44.x86_64
file	(none):5.46-10.fc44.x86_64
file-libs	(none):5.46-10.fc44.x86_64
filesystem	(none):3.18-52.fc44.x86_64
filesystem-srpm-macros	(none):3.18-52.fc44.noarch
findutils	1:4.10.0-7.fc44.x86_64
flac-libs	(none):1.5.0-8.fc44.x86_64
fmt	(none):11.2.0-4.fc44.x86_64
fontconfig	(none):2.17.0-4.fc44.x86_64
fonts-filesystem	1:5.0.0-2.fc44.noarch
fonts-srpm-macros	1:5.0.0-2.fc44.noarch
forge-srpm-macros	(none):0.4.0-4.fc44.noarch
fpc-srpm-macros	(none):1.3-16.fc44.noarch
freetype	(none):2.14.3-1.fc44.x86_64
fribidi	(none):1.0.16-4.fc44.x86_64
game-music-emu	(none):0.6.4-3.fc44.x86_64
gap-srpm-macros	(none):2-2.fc44.noarch
gawk	(none):5.3.2-3.fc44.x86_64
gcc	(none):16.2.1-2.fc44.x86_64
gcc-c++	(none):16.2.1-2.fc44.x86_64
gcc-plugin-annobin	(none):16.2.1-2.fc44.x86_64
gcr-libs	(none):4.4.0.1-7.fc44.x86_64
gd	(none):2.3.3-21.fc44.x86_64
gdb-minimal	(none):17.2-2.fc44.x86_64
gdbm	1:1.23-11.fc44.x86_64
gdbm-libs	1:1.23-11.fc44.x86_64
gdk-pixbuf2	(none):2.44.4-2.fc44.x86_64
gettext	(none):0.26-5.fc44.x86_64
gettext-envsubst	(none):0.26-5.fc44.x86_64
gettext-libs	(none):0.26-5.fc44.x86_64
gettext-runtime	(none):0.26-5.fc44.x86_64
ghc-srpm-macros	(none):1.10-1.fc44.noarch
glib-networking	(none):2.80.1-4.fc44.x86_64
glib2	(none):2.88.3-1.fc44.x86_64
glibc	(none):2.43-8.fc44.x86_64
glibc-common	(none):2.43-8.fc44.x86_64
glibc-devel	(none):2.43-8.fc44.x86_64
glibc-gconv-extra	(none):2.43-8.fc44.x86_64
glibc-langpack-en	(none):2.43-8.fc44.x86_64
glibc-minimal-langpack	(none):2.43-8.fc44.x86_64
glx-utils	(none):9.0.0-11.fc44.x86_64
glycin-libs	(none):2.1.5-1.fc44.x86_64
glycin-loaders	(none):2.1.5-1.fc44.x86_64
gmp	1:6.3.0-5.fc44.x86_64
gnat-srpm-macros	(none):7-2.fc44.noarch
gnome-srpm-macros	(none):1.0-1.fc44.noarch
gnulib-l10n	(none):20241231-2.fc44.noarch
gnupg2	(none):2.4.9-16.fc44.x86_64
gnupg2-dirmngr	(none):2.4.9-16.fc44.x86_64
gnupg2-gpg-agent	(none):2.4.9-16.fc44.x86_64
gnupg2-gpgconf	(none):2.4.9-16.fc44.x86_64
gnupg2-keyboxd	(none):2.4.9-16.fc44.x86_64
gnupg2-verify	(none):2.4.9-16.fc44.x86_64
gnutls	(none):3.8.13-1.fc44.x86_64
go-srpm-macros	(none):3.8.0-2.fc44.noarch
gobject-introspection	(none):1.86.0-3.fc44.x86_64
google-droid-sans-fonts	(none):20200215-24.fc44.noarch
google-noto-fonts-common	(none):20251201-2.fc44.noarch
google-noto-sans-vf-fonts	(none):20251201-2.fc44.noarch
gpg-pubkey	(none):36f612dcf27f7d1a48a835e4dbfcf71c6d9f90a6-6786af3b.(none)
gpgme	(none):2.0.1-5.fc44.x86_64
gpgmepp	(none):2.0.1-5.fc44.x86_64
gpgverify	(none):2.2-4.fc44.noarch
graphene	(none):1.10.8-4.fc44.x86_64
graphite2	(none):1.3.14-20.fc44.x86_64
graphviz	(none):14.1.4-2.fc44.x86_64
graphviz-libs	(none):14.1.4-2.fc44.x86_64
grep	(none):3.12-3.fc44.x86_64
groff-base	(none):1.23.0-12.fc44.x86_64
gsettings-desktop-schemas	(none):50.1-1.fc44.x86_64
gsm	(none):1.0.24-2.fc44.x86_64
gssdp	(none):1.6.6-1.fc44.x86_64
gstreamer1	(none):1.28.6-1.fc44.x86_64
gstreamer1-plugins-bad-free-libs	(none):1.28.6-1.fc44.x86_64
gstreamer1-plugins-base	(none):1.28.6-1.fc44.x86_64
gtk-update-icon-cache	(none):3.24.52-2.fc44.x86_64
gtk3	(none):3.24.52-2.fc44.x86_64
gts	(none):0.7.6-52.20121130.fc44.x86_64
gupnp	(none):1.6.10-1.fc44.x86_64
gupnp-igd	(none):1.6.0-8.fc44.x86_64
gzip	(none):1.14-2.fc44.x86_64
harfbuzz	(none):14.1.0-2.fc44.x86_64
hicolor-icon-theme	(none):0.18-3.fc44.noarch
highway	(none):1.3.0-2.fc44.x86_64
hunspell	(none):1.7.3-1.fc44.x86_64
hunspell-en-US	(none):0.20260225-2.fc44.noarch
hunspell-filesystem	(none):1.7.3-1.fc44.x86_64
hwdata	(none):0.410-1.fc44.noarch
iio-sensor-proxy	(none):3.8-2.fc44.x86_64
ilbc	(none):3.0.4-19.fc44.x86_64
ima-evm-utils-libs	(none):1.6.2-8.fc44.x86_64
iso-codes	(none):4.20.1-3.fc44.noarch
jansson	(none):2.14-4.fc44.x86_64
java-srpm-macros	(none):1-8.fc44.noarch
jbig2dec-libs	(none):0.20-8.fc44.x86_64
jbigkit-libs	(none):2.1-33.fc44.x86_64
js-doxygen	2:1.16.1-3.fc44.noarch
json-c	(none):0.18-8.fc44.x86_64
json-glib	(none):1.10.8-5.fc44.x86_64
jsoncpp	(none):1.9.6-3.fc44.x86_64
kde-filesystem	(none):5-7.fc44.x86_64
kde-qdoc-common	(none):1.0.0-3.fc44.noarch
kdecoration	(none):6.7.4-1.fc44.x86_64
kernel-headers	(none):7.1.3-200.fc44.x86_64
kernel-srpm-macros	(none):1.0-28.fc44.noarch
keyutils-libs	(none):1.6.3-7.fc44.x86_64
kf6-attica	(none):6.29.0-1.fc44.x86_64
kf6-breeze-icons	(none):6.29.0-1.fc44.x86_64
kf6-filesystem	(none):6.29.0-1.fc44.x86_64
kf6-karchive	(none):6.29.0-1.fc44.x86_64
kf6-kauth	(none):6.29.0-1.fc44.x86_64
kf6-kauth-devel	(none):6.29.0-1.fc44.x86_64
kf6-kbookmarks	(none):6.29.0-1.fc44.x86_64
kf6-kcmutils	(none):6.29.0-1.fc44.x86_64
kf6-kcmutils-devel	(none):6.29.0-1.fc44.x86_64
kf6-kcodecs	(none):6.29.0-1.fc44.x86_64
kf6-kcodecs-devel	(none):6.29.0-1.fc44.x86_64
kf6-kcolorscheme	(none):6.29.0-1.fc44.x86_64
kf6-kcolorscheme-devel	(none):6.29.0-1.fc44.x86_64
kf6-kcompletion	(none):6.29.0-1.fc44.x86_64
kf6-kconfig	(none):6.29.0-1.fc44.x86_64
kf6-kconfig-devel	(none):6.29.0-1.fc44.x86_64
kf6-kconfigwidgets	(none):6.29.0-1.fc44.x86_64
kf6-kconfigwidgets-devel	(none):6.29.0-1.fc44.x86_64
kf6-kcoreaddons	(none):6.29.0-1.fc44.x86_64
kf6-kcoreaddons-devel	(none):6.29.0-1.fc44.x86_64
kf6-kcrash	(none):6.29.0-1.fc44.x86_64
kf6-kdbusaddons	(none):6.29.0-1.fc44.x86_64
kf6-kdeclarative	(none):6.29.0-1.fc44.x86_64
kf6-kdoctools	(none):6.29.0-1.fc44.x86_64
kf6-kglobalaccel	(none):6.29.0-1.fc44.x86_64
kf6-kguiaddons	(none):6.29.0-1.fc44.x86_64
kf6-kholidays	(none):6.29.0-1.fc44.x86_64
kf6-ki18n	(none):6.29.0-1.fc44.x86_64
kf6-ki18n-devel	(none):6.29.0-1.fc44.x86_64
kf6-kiconthemes	(none):6.29.0-1.fc44.x86_64
kf6-kidletime	(none):6.29.0-1.fc44.x86_64
kf6-kio-core	(none):6.29.0-1.fc44.x86_64
kf6-kio-core-libs	(none):6.29.0-1.fc44.x86_64
kf6-kio-doc	(none):6.29.0-1.fc44.noarch
kf6-kio-file-widgets	(none):6.29.0-1.fc44.x86_64
kf6-kio-gui	(none):6.29.0-1.fc44.x86_64
kf6-kio-widgets	(none):6.29.0-1.fc44.x86_64
kf6-kio-widgets-libs	(none):6.29.0-1.fc44.x86_64
kf6-kirigami	(none):6.29.0-1.fc44.x86_64
kf6-kitemviews	(none):6.29.0-1.fc44.x86_64
kf6-kjobwidgets	(none):6.29.0-1.fc44.x86_64
kf6-knewstuff	(none):6.29.0-1.fc44.x86_64
kf6-knotifications	(none):6.29.0-1.fc44.x86_64
kf6-kpackage	(none):6.29.0-1.fc44.x86_64
kf6-kservice	(none):6.29.0-1.fc44.x86_64
kf6-kservice-devel	(none):6.29.0-1.fc44.x86_64
kf6-ksvg	(none):6.29.0-1.fc44.x86_64
kf6-kwallet	(none):6.29.0-1.fc44.x86_64
kf6-kwallet-libs	(none):6.29.0-1.fc44.x86_64
kf6-kwidgetsaddons	(none):6.29.0-1.fc44.x86_64
kf6-kwidgetsaddons-devel	(none):6.29.0-1.fc44.x86_64
kf6-kwindowsystem	(none):6.29.0-1.fc44.x86_64
kf6-kwindowsystem-devel	(none):6.29.0-1.fc44.x86_64
kf6-kxmlgui	(none):6.29.0-1.fc44.x86_64
kf6-rpm-macros	(none):6.29.0-1.fc44.noarch
kf6-solid	(none):6.29.0-1.fc44.x86_64
kf6-syndication	(none):6.29.0-1.fc44.x86_64
kglobalacceld	(none):6.7.4-1.fc44.x86_64
knighttime	(none):6.7.4-1.fc44.x86_64
krb5-libs	(none):1.22.2-4.fc44.x86_64
kscreenlocker	(none):6.7.4-1.fc44.x86_64
kwayland	(none):6.7.4-1.fc44.x86_64
kwin	(none):6.7.4-2.fc44.x86_64
kwin-common	(none):6.7.4-2.fc44.x86_64
kwin-devel	(none):6.7.4-2.fc44.x86_64
kwin-libs	(none):6.7.4-2.fc44.x86_64
lame-libs	(none):3.100-21.fc44.x86_64
lasi	(none):1.1.3-18.fc44.x86_64
layer-shell-qt	(none):6.7.4-1.fc44.x86_64
lcms2	(none):2.16-7.fc44.x86_64
libICE	(none):1.1.2-4.fc44.x86_64
libSM	(none):1.2.5-4.fc44.x86_64
libX11	(none):1.8.13-1.fc44.x86_64
libX11-common	(none):1.8.13-1.fc44.noarch
libX11-devel	(none):1.8.13-1.fc44.x86_64
libX11-xcb	(none):1.8.13-1.fc44.x86_64
libXau	(none):1.0.12-4.fc44.x86_64
libXau-devel	(none):1.0.12-4.fc44.x86_64
libXcomposite	(none):0.4.6-7.fc44.x86_64
libXcursor	(none):1.2.3-4.fc44.x86_64
libXdamage	(none):1.1.6-7.fc44.x86_64
libXdmcp	(none):1.1.5-5.fc44.x86_64
libXext	(none):1.3.6-5.fc44.x86_64
libXfixes	(none):6.0.1-7.fc44.x86_64
libXfont2	(none):2.0.9-1.fc44.x86_64
libXft	(none):2.3.8-10.fc44.x86_64
libXi	(none):1.8.3-1.fc44.x86_64
libXinerama	(none):1.1.5-10.fc44.x86_64
libXpm	(none):3.5.17-7.fc44.x86_64
libXrandr	(none):1.5.4-7.fc44.x86_64
libXrender	(none):0.9.12-4.fc44.x86_64
libXt	(none):1.3.1-4.fc44.x86_64
libXtst	(none):1.2.5-4.fc44.x86_64
libXv	(none):1.0.13-4.fc44.x86_64
libXxf86vm	(none):1.1.6-4.fc44.x86_64
libacl	(none):2.4.0-1.fc44.x86_64
libaom	(none):3.13.3-1.fc44.x86_64
libappstream-glib	(none):0.8.4-1.fc44.x86_64
libarchive	(none):3.8.7-1.fc44.x86_64
libaribcaption	(none):1.1.1-4.fc44.x86_64
libassuan	(none):2.5.7-5.fc44.x86_64
libasyncns	(none):0.8-34.fc44.x86_64
libatomic	(none):16.2.1-2.fc44.x86_64
libattr	(none):2.6.0-1.fc44.x86_64
libavcodec-free	(none):8.1.2-4.fc44.x86_64
libavformat-free	(none):8.1.2-4.fc44.x86_64
libavif	(none):1.3.0-4.fc44.x86_64
libavutil-free	(none):8.1.2-4.fc44.x86_64
libb2	(none):0.98.1-15.fc44.x86_64
libblkid	(none):2.41.5-1.fc44.x86_64
libbluray	(none):1.4.0-3.fc44.x86_64
libbrotli	(none):1.2.0-3.fc44.x86_64
libcanberra	(none):0.30-39.fc44.x86_64
libcap	(none):2.78-1.fc44.x86_64
libcap-ng	(none):0.9.5-1.fc44.x86_64
libcbor	(none):0.13.0-2.fc44.x86_64
libchromaprint	(none):1.6.0-4.fc44.x86_64
libcloudproviders	(none):0.4.0-1.fc44.x86_64
libcom_err	(none):1.47.3-4.fc44.x86_64
libcurl	(none):8.18.0-8.fc44.x86_64
libdatrie	(none):0.2.14-2.fc44.x86_64
libdav1d	(none):1.5.3-1.fc44.x86_64
libdecor	(none):0.2.5-2.fc44.x86_64
libdisplay-info	(none):0.3.0-1.fc44.x86_64
libdnf5	(none):5.4.3.0-2.fc44.x86_64
libdnf5-cli	(none):5.4.3.0-2.fc44.x86_64
libdrm	(none):2.4.134-1.fc44.x86_64
libdrm-devel	(none):2.4.134-1.fc44.x86_64
libdvdnav	(none):7.0.0-1.fc44.x86_64
libdvdread	(none):7.0.1-1.fc44.x86_64
libebur128	(none):1.2.6-15.fc44.x86_64
libeconf	(none):0.7.9-3.fc44.x86_64
libedit	(none):3.1-59.20260512cvs.fc44.x86_64
libei	(none):1.6.0-2.fc44.x86_64
libeis	(none):1.6.0-2.fc44.x86_64
libepoxy	(none):1.5.10-12.fc44.x86_64
libepoxy-devel	(none):1.5.10-12.fc44.x86_64
libevdev	(none):1.13.7-1.fc44.x86_64
libevent	(none):2.1.12-17.fc44.x86_64
libfbclient2	(none):5.0.4.1812-1.fc44.x86_64
libfdisk	(none):2.41.5-1.fc44.x86_64
libffi	(none):3.5.2-2.fc44.x86_64
libffi-devel	(none):3.5.2-2.fc44.x86_64
libfido2	(none):1.16.0-5.fc44.x86_64
libfontenc	(none):1.1.8-5.fc44.x86_64
libfsverity	(none):1.6-4.fc44.x86_64
libfyaml	(none):0.8-9.fc44.x86_64
libgcc	(none):16.2.1-2.fc44.x86_64
libgcrypt	(none):1.12.2-1.fc44.x86_64
libglvnd	1:1.7.0-9.fc44.x86_64
libglvnd-core-devel	1:1.7.0-9.fc44.x86_64
libglvnd-devel	1:1.7.0-9.fc44.x86_64
libglvnd-egl	1:1.7.0-9.fc44.x86_64
libglvnd-gles	1:1.7.0-9.fc44.x86_64
libglvnd-glx	1:1.7.0-9.fc44.x86_64
libglvnd-opengl	1:1.7.0-9.fc44.x86_64
libgomp	(none):16.2.1-2.fc44.x86_64
libgpg-error	(none):1.58-2.fc44.x86_64
libgs	(none):10.06.0-2.fc44.x86_64
libgudev	(none):238-9.fc44.x86_64
libgusb	(none):0.4.9-5.fc44.x86_64
libheif	(none):1.21.2-1.fc44.x86_64
libicu	(none):77.1-3.fc44.x86_64
libidn2	(none):2.3.8-3.fc44.x86_64
libijs	(none):0.35-26.fc44.x86_64
libimagequant	(none):4.1.0-2.fc44.x86_64
libimobiledevice	(none):1.4.0-3.fc44.x86_64
libimobiledevice-glue	(none):1.3.2-1.fc44.x86_64
libinput	(none):1.31.3-1.fc44.x86_64
libjpeg-turbo	(none):3.1.3-1.fc44.x86_64
libjxl	1:0.11.2-1.fc44.x86_64
libksba	(none):1.6.7-5.fc44.x86_64
libkscreen	(none):6.7.4-1.fc44.x86_64
liblastlog2	(none):2.41.5-1.fc44.x86_64
liblc3	(none):1.1.3-7.fc44.x86_64
libldac	(none):2.0.2.3-19.fc44.x86_64
libldb	2:4.24.5-1.fc44.x86_64
liblerc	(none):4.0.0-10.fc44.x86_64
libmodplug	1:0.8.9.0-29.fc44.x86_64
libmodulemd	(none):2.15.3-1.fc44.x86_64
libmount	(none):2.41.5-1.fc44.x86_64
libmpc	(none):1.4.1-1.fc44.x86_64
libnghttp2	(none):1.68.0-5.fc44.x86_64
libnghttp3	(none):1.18.0-1.fc44.x86_64
libnice	(none):0.1.23-2.fc44.x86_64
libnsl2	(none):2.0.1-5.fc44.x86_64
liboeffis	(none):1.6.0-2.fc44.x86_64
libogg	2:1.3.6-2.fc44.x86_64
libopenjph	(none):0.25.3-3.fc44.x86_64
libopenmpt	(none):0.8.7-1.fc44.x86_64
libpaper	1:2.1.1-10.fc44.x86_64
libpciaccess	(none):0.16-17.fc44.x86_64
libpciaccess-devel	(none):0.16-17.fc44.x86_64
libpkgconf	(none):2.5.1-1.fc44.x86_64
libplasma	(none):6.7.4-1.fc44.x86_64
libplist	(none):2.7.0-1.fc44.x86_64
libpng	2:1.6.58-1.fc44.x86_64
libpq	(none):18.0-4.fc44.x86_64
libproxy	(none):0.5.12-2.fc44.x86_64
libpsl	(none):0.21.5-7.fc44.x86_64
libpwquality	(none):1.4.5-15.fc44.x86_64
librabbitmq	(none):0.17.0-1.fc44.x86_64
librepo	(none):1.20.0-5.fc44.x86_64
librist	(none):0.2.11-1.fc44.x86_64
librsvg2	(none):2.62.3-1.fc44.x86_64
libsbc	(none):2.1-2.fc44.x86_64
libseccomp	(none):2.6.1-2.fc44.x86_64
libsecret	(none):0.21.7-10.fc44.x86_64
libselinux	(none):3.11-1.fc44.x86_64
libselinux-utils	(none):3.11-1.fc44.x86_64
libsemanage	(none):3.11-1.fc44.x86_64
libsepol	(none):3.11-1.fc44.x86_64
libshaderc	(none):2026.1-1.fc44.x86_64
libsmartcols	(none):2.41.5-1.fc44.x86_64
libsmbclient	2:4.24.5-1.fc44.x86_64
libsndfile	(none):1.2.2-11.fc44.x86_64
libsodium	(none):1.0.22-1.fc44.x86_64
libsolv	(none):0.7.39-1.fc44.x86_64
libsoup3	(none):3.6.6-9.fc44.x86_64
libssh	(none):0.12.2-1.fc44.x86_64
libssh-config	(none):0.12.2-1.fc44.noarch
libstdc++	(none):16.2.1-2.fc44.x86_64
libstdc++-devel	(none):16.2.1-2.fc44.x86_64
libstemmer	(none):3.0.1-11.fc44.x86_64
libswresample-free	(none):8.1.2-4.fc44.x86_64
libswscale-free	(none):8.1.2-4.fc44.x86_64
libtalloc	(none):2.4.4-1.fc44.x86_64
libtasn1	(none):4.21.0-1.fc44.x86_64
libtdb	(none):1.4.15-1.fc44.x86_64
libtevent	(none):0.17.1-4.fc44.x86_64
libtextstyle	(none):0.26-5.fc44.x86_64
libthai	(none):0.1.30-2.fc44.x86_64
libtheora	1:1.1.1-41.fc44.x86_64
libtiff	(none):4.7.2-1.fc44.x86_64
libtinysparql	(none):3.11.1-1.fc44.x86_64
libtirpc	(none):1.3.7-2.fc44.x86_64
libtommath	(none):1.3.1~rc1-7.fc44.x86_64
libtool-ltdl	(none):2.5.4-10.fc44.x86_64
libudfread	(none):1.2.0-3.fc44.x86_64
libunistring	(none):1.1-11.fc44.x86_64
libunwind	(none):1.8.3-1.fc44.x86_64
libusb1	(none):1.0.30-1.fc44.x86_64
libusbmuxd	(none):2.1.1-1.fc44.x86_64
libuuid	(none):2.41.5-1.fc44.x86_64
libuv	1:1.52.1-2.fc44.x86_64
libva	(none):2.23.0-3.fc44.x86_64
libvdpau	(none):1.5-11.fc44.x86_64
libverto	(none):0.3.2-12.fc44.x86_64
libvisual	1:0.4.2-4.fc44.x86_64
libvmaf	(none):3.0.0-5.fc44.x86_64
libvorbis	1:1.3.7-14.fc44.x86_64
libvpl	1:2.17.0-1.fc44.x86_64
libvpx	(none):1.15.0-5.fc44.x86_64
libwacom	(none):2.19.0-1.fc44.x86_64
libwacom-data	(none):2.19.0-1.fc44.noarch
libwayland-client	(none):1.25.0-1.fc44.x86_64
libwayland-cursor	(none):1.25.0-1.fc44.x86_64
libwayland-egl	(none):1.25.0-1.fc44.x86_64
libwayland-server	(none):1.25.0-1.fc44.x86_64
libwbclient	2:4.24.5-1.fc44.x86_64
libwebp	(none):1.6.0-3.fc44.x86_64
libxcb	(none):1.17.0-7.fc44.x86_64
libxcb-devel	(none):1.17.0-7.fc44.x86_64
libxcrypt	(none):4.5.2-3.fc44.x86_64
libxcrypt-devel	(none):4.5.2-3.fc44.x86_64
libxcvt	(none):0.1.2-11.fc44.x86_64
libxkbcommon	(none):1.13.1-2.fc44.x86_64
libxkbcommon-devel	(none):1.13.1-2.fc44.x86_64
libxkbcommon-x11	(none):1.13.1-2.fc44.x86_64
libxkbfile	(none):1.1.3-5.fc44.x86_64
libxml2	(none):2.12.10-6.fc44.x86_64
libxml2-devel	(none):2.12.10-6.fc44.x86_64
libxmlb	(none):0.3.29-1.fc44.x86_64
libxshmfence	(none):1.3.2-8.fc44.x86_64
libxslt	(none):1.1.43-6.fc44.x86_64
libyaml	(none):0.2.5-18.fc44.x86_64
libyuv	(none):0-0.61.20260213git6067afd.fc44.x86_64
libzstd	(none):1.5.7-5.fc44.x86_64
linkdupes	(none):0.7.3-2.fc44.x86_64
llvm-filesystem	(none):22.1.8-4.fc44.x86_64
llvm-libs	(none):22.1.8-4.fc44.x86_64
lm_sensors-libs	(none):3.6.0-24.fc44.x86_64
lmdb-libs	(none):0.9.34-2.fc44.x86_64
lpcnetfreedv	(none):0.5-10.fc44.x86_64
lua-libs	(none):5.4.8-5.fc44.x86_64
lua-srpm-macros	(none):1-17.fc44.noarch
lz4-libs	(none):1.10.0-4.fc44.x86_64
lzo	(none):2.10-16.fc44.x86_64
make	1:4.4.1-12.fc44.x86_64
mariadb-connector-c	(none):3.4.9-2.fc44.x86_64
mariadb-connector-c-config	(none):3.4.9-2.fc44.noarch
mesa-dri-drivers	(none):26.1.7-1.fc44.x86_64
mesa-filesystem	(none):26.1.7-1.fc44.x86_64
mesa-libEGL	(none):26.1.7-1.fc44.x86_64
mesa-libGL	(none):26.1.7-1.fc44.x86_64
mesa-libgbm	(none):26.1.7-1.fc44.x86_64
mpdecimal	(none):4.0.1-3.fc44.x86_64
mpfr	(none):4.2.2-3.fc44.x86_64
mpg123-libs	(none):1.32.10-3.fc44.x86_64
mtdev	(none):1.1.6-12.fc44.x86_64
ncurses	(none):6.6-1.fc44.x86_64
ncurses-base	(none):6.6-1.fc44.noarch
ncurses-libs	(none):6.6-1.fc44.x86_64
netpbm	(none):11.13.00-2.fc44.x86_64
nettle	(none):3.10.1-3.fc44.x86_64
ngtcp2	(none):1.22.1-1.fc44.x86_64
ngtcp2-crypto-gnutls	(none):1.22.1-1.fc44.x86_64
ngtcp2-crypto-ossl	(none):1.22.1-1.fc44.x86_64
ninja-build	(none):1.13.2-2.fc44.x86_64
npth	(none):1.8-4.fc44.x86_64
nspr	(none):4.39.0-3.fc44.x86_64
nss	(none):3.126.0-1.fc44.x86_64
nss-softokn	(none):3.126.0-1.fc44.x86_64
nss-softokn-freebl	(none):3.126.0-1.fc44.x86_64
nss-sysinit	(none):3.126.0-1.fc44.x86_64
nss-util	(none):3.126.0-1.fc44.x86_64
ocaml-srpm-macros	(none):11-3.fc44.noarch
openapv-libs	(none):0.2.1.2-1.fc44.x86_64
openblas-srpm-macros	(none):2-21.fc44.noarch
opencore-amr	(none):0.1.6-10.fc44.x86_64
openh264	(none):2.6.0-3.fc44.x86_64
openjpeg	(none):2.5.4-3.fc44.x86_64
openldap	(none):2.6.13-1.fc44.x86_64
openpgm	(none):5.3.128-6.fc44.x86_64
openssl-libs	1:3.5.7-2.fc44.x86_64
openxr-libs	(none):1.1.62-1.fc44.x86_64
opus	(none):1.6-2.fc44.x86_64
orc	(none):0.4.41-3.fc44.x86_64
p11-kit	(none):0.26.5-1.fc44.x86_64
p11-kit-trust	(none):0.26.5-1.fc44.x86_64
package-notes-srpm-macros	(none):0.20-1.fc44.noarch
pam	(none):1.7.2-2.fc44.x86_64
pam-libs	(none):1.7.2-2.fc44.x86_64
pango	(none):1.57.1-1.fc44.x86_64
patch	(none):2.8-4.fc44.x86_64
pcre2	(none):10.47-1.fc44.1.x86_64
pcre2-syntax	(none):10.47-1.fc44.1.noarch
pcre2-utf16	(none):10.47-1.fc44.1.x86_64
perl-AutoLoader	0:5.74-525.fc44.noarch
perl-B	0:1.89-525.fc44.x86_64
perl-Carp	(none):1.54-521.fc44.noarch
perl-Class-Struct	0:0.68-525.fc44.noarch
perl-Data-Dumper	(none):2.192-523.fc44.x86_64
perl-Digest	(none):1.20-521.fc44.noarch
perl-Digest-MD5	(none):2.59-521.fc44.x86_64
perl-DynaLoader	0:1.57-525.fc44.x86_64
perl-Encode	4:3.21-521.fc44.x86_64
perl-Errno	0:1.38-525.fc44.x86_64
perl-Exporter	(none):5.79-521.fc44.noarch
perl-Fcntl	0:1.20-525.fc44.x86_64
perl-File-Basename	0:2.86-525.fc44.noarch
perl-File-Path	(none):2.18-522.fc44.noarch
perl-File-Temp	1:0.231.200-2.fc44.noarch
perl-File-stat	0:1.14-525.fc44.noarch
perl-FileHandle	0:2.05-525.fc44.noarch
perl-Getopt-Long	1:2.58-521.fc44.noarch
perl-Getopt-Std	0:1.14-525.fc44.noarch
perl-HTTP-Tiny	(none):0.096-1.fc44.noarch
perl-IO	0:1.55-525.fc44.x86_64
perl-IO-Socket-IP	(none):0.43-522.fc44.noarch
perl-IO-Socket-SSL	(none):2.098-2.fc44.noarch
perl-IPC-Open3	0:1.24-525.fc44.noarch
perl-MIME-Base32	(none):1.303-25.fc44.noarch
perl-MIME-Base64	(none):3.16-521.fc44.x86_64
perl-Net-SSLeay	(none):1.94-12.fc44.x86_64
perl-POSIX	0:2.23-525.fc44.x86_64
perl-PathTools	(none):3.94-521.fc44.x86_64
perl-Pod-Escapes	1:1.07-521.fc44.noarch
perl-Pod-Perldoc	(none):3.28.01-522.fc44.noarch
perl-Pod-Simple	1:3.47-4.fc44.noarch
perl-Pod-Usage	4:2.05-521.fc44.noarch
perl-Scalar-List-Utils	5:1.70-2.fc44.x86_64
perl-SelectSaver	0:1.02-525.fc44.noarch
perl-Socket	4:2.043-1.fc44.x86_64
perl-Storable	1:3.37-522.fc44.x86_64
perl-Symbol	0:1.09-525.fc44.noarch
perl-Term-ANSIColor	(none):5.01-522.fc44.noarch
perl-Term-Cap	(none):1.18-521.fc44.noarch
perl-Text-ParseWords	(none):3.31-521.fc44.noarch
perl-Text-Tabs+Wrap	(none):2024.001-521.fc44.noarch
perl-Time-HiRes	4:1.9778-521.fc44.x86_64
perl-Time-Local	2:1.350-521.fc44.noarch
perl-URI	(none):5.35-1.fc44.noarch
perl-base	0:2.27-525.fc44.noarch
perl-constant	(none):1.33-522.fc44.noarch
perl-if	0:0.61.000-525.fc44.noarch
perl-interpreter	4:5.42.3-525.fc44.x86_64
perl-libnet	(none):3.15-522.fc44.noarch
perl-libs	4:5.42.3-525.fc44.x86_64
perl-locale	0:1.13-525.fc44.noarch
perl-mro	0:1.29-525.fc44.x86_64
perl-overload	0:1.40-525.fc44.noarch
perl-overloading	0:0.02-525.fc44.noarch
perl-parent	1:0.244-521.fc44.noarch
perl-podlators	1:6.0.2-521.fc44.noarch
perl-srpm-macros	(none):1-61.fc44.noarch
perl-vars	0:1.05-525.fc44.noarch
pinentry	(none):1.3.2-3.fc44.x86_64
pinentry-gnome3	(none):1.3.2-3.fc44.x86_64
pipewire-libs	(none):1.6.8-1.fc44.x86_64
pixman	(none):0.46.2-3.fc44.x86_64
pkgconf	(none):2.5.1-1.fc44.x86_64
pkgconf-m4	(none):2.5.1-1.fc44.noarch
pkgconf-pkg-config	(none):2.5.1-1.fc44.x86_64
plasma-activities	(none):6.7.4-1.fc44.x86_64
policycoreutils	(none):3.11-2.fc44.x86_64
polkit-libs	(none):127-2.fc44.2.x86_64
polkit-qt6-1	(none):0.201.1-1.fc44.x86_64
poly2tri	(none):0.0^20130501hg26242d0aa7b8-7.fc44.x86_64
poppler	(none):26.01.0-3.fc44.x86_64
poppler-data	(none):0.4.11-11.fc44.noarch
poppler-glib	(none):26.01.0-3.fc44.x86_64
popt	(none):1.19-10.fc44.x86_64
publicsuffix-list-dafsa	(none):20260116-1.fc44.noarch
pugixml	(none):1.16-1.fc44.x86_64
pulseaudio-libs	(none):17.0-9.fc44.x86_64
pyproject-srpm-macros	(none):1.23.2-1.fc44.noarch
python-pip-wheel	(none):26.0.1-2.fc44.noarch
python-srpm-macros	(none):3.14-12.fc44.noarch
python3	(none):3.14.7-1.fc44.x86_64
python3-argcomplete	(none):3.6.3-4.fc44.noarch
python3-charset-normalizer	(none):3.4.4-2.fc44.noarch
python3-construct	(none):2.10.70-12.fc44.noarch
python3-enchant	(none):3.3.0-2.fc44.noarch
python3-file-magic	(none):5.46-10.fc44.noarch
python3-idna	(none):3.18-1.fc44.noarch
python3-libs	(none):3.14.7-1.fc44.x86_64
python3-packaging	(none):25.0-8.fc44.noarch
python3-progressbar2	(none):4.5.0-6.fc44.noarch
python3-pybeam	(none):0.8.1-2.fc44.noarch
python3-pyxdg	(none):0.28-1.fc44.noarch
python3-requests	(none):2.33.1-1.fc44.noarch
python3-rpm	(none):6.0.2-1.fc44.x86_64
python3-six	(none):1.17.0-8.fc44.noarch
python3-tomli-w	(none):1.2.0-7.fc44.noarch
python3-typing-extensions	(none):4.15.0-3.fc44.noarch
python3-urllib3	(none):2.7.0-1.fc44.noarch
python3-utils	(none):3.9.1-3.fc44.noarch
python3-zstandard	(none):0.25.0-2.fc44.x86_64
qaccessibilityclient-qt6	(none):0.6.0-5.fc44.x86_64
qca-qt6	(none):2.3.10-4.fc44.x86_64
qca-qt6-ossl	(none):2.3.10-4.fc44.x86_64
qt5-srpm-macros	(none):5.15.18-2.fc44.noarch
qt6-designer	(none):6.11.1-1.fc44.x86_64
qt6-doc-devel	(none):6.9.1-4.fc44.noarch
qt6-doctools	(none):6.11.1-1.fc44.x86_64
qt6-filesystem	(none):6.11.1-1.fc44.x86_64
qt6-linguist	(none):6.11.1-1.fc44.x86_64
qt6-qt5compat	(none):6.11.1-1.fc44.x86_64
qt6-qtbase	(none):6.11.1-1.fc44.x86_64
qt6-qtbase-common	(none):6.11.1-1.fc44.noarch
qt6-qtbase-devel	(none):6.11.1-1.fc44.x86_64
qt6-qtbase-gui	(none):6.11.1-1.fc44.x86_64
qt6-qtbase-ibase	(none):6.11.1-1.fc44.x86_64
qt6-qtbase-mysql	(none):6.11.1-1.fc44.x86_64
qt6-qtbase-odbc	(none):6.11.1-1.fc44.x86_64
qt6-qtbase-postgresql	(none):6.11.1-1.fc44.x86_64
qt6-qtdeclarative	(none):6.11.1-3.fc44.x86_64
qt6-qtdeclarative-devel	(none):6.11.1-3.fc44.x86_64
qt6-qtmultimedia	(none):6.11.1-1.fc44.x86_64
qt6-qtpositioning	(none):6.11.1-1.fc44.x86_64
qt6-qtquick3d	(none):6.11.1-1.fc44.x86_64
qt6-qtquicktimeline	(none):6.11.1-1.fc44.x86_64
qt6-qtserialport	(none):6.11.1-1.fc44.x86_64
qt6-qtshadertools	(none):6.11.1-1.fc44.x86_64
qt6-qtsvg	(none):6.11.1-1.fc44.x86_64
qt6-qtsvg-devel	(none):6.11.1-1.fc44.x86_64
qt6-qttools	(none):6.11.1-1.fc44.x86_64
qt6-qttools-common	(none):6.11.1-1.fc44.noarch
qt6-qttools-devel	(none):6.11.1-1.fc44.x86_64
qt6-qttools-libs-designer	(none):6.11.1-1.fc44.x86_64
qt6-qttools-libs-designercomponents	(none):6.11.1-1.fc44.x86_64
qt6-qttools-libs-help	(none):6.11.1-1.fc44.x86_64
qt6-rpm-macros	(none):6.11.1-1.fc44.noarch
qt6-srpm-macros	(none):6.11.1-1.fc44.noarch
rav1e-libs	(none):0.8.1-3.fc44.x86_64
readline	(none):8.3-4.fc44.x86_64
redhat-rpm-config	(none):344-2.fc44.noarch
rhash	(none):1.4.5-4.fc44.x86_64
rootfiles	(none):9.0-6.fc44.noarch
rpm	(none):6.0.2-1.fc44.x86_64
rpm-build	(none):6.0.2-1.fc44.x86_64
rpm-build-libs	(none):6.0.2-1.fc44.x86_64
rpm-libs	(none):6.0.2-1.fc44.x86_64
rpm-plugin-selinux	(none):6.0.2-1.fc44.x86_64
rpm-sequoia	(none):1.10.2-4.fc44.x86_64
rpm-sign-libs	(none):6.0.2-1.fc44.x86_64
rpmdevtools	(none):9.6-14.fc44.noarch
rpmlint	(none):2.8.0-3.fc44.noarch
rpmlint-fedora-license-data	(none):1.75-1.fc44.noarch
rust-srpm-macros	(none):28.5-1.fc44.noarch
samba-client-libs	2:4.24.5-1.fc44.x86_64
samba-common	2:4.24.5-1.fc44.noarch
samba-core-libs	2:4.24.5-1.fc44.x86_64
samba-ndr-libs	2:4.24.5-1.fc44.x86_64
sdbus-cpp	(none):2.2.1-2.fc44.x86_64
sdl2-compat	(none):2.32.70-1.fc44.x86_64
sed	(none):4.9-7.fc44.x86_64
selinux-policy	(none):44.6-1.fc44.noarch
selinux-policy-targeted	(none):44.6-1.fc44.noarch
setup	(none):2.15.0-28.fc44.noarch
sgml-common	(none):0.6.3-68.fc44.noarch
shadow-utils	2:4.19.0-7.fc44.x86_64
shared-mime-info	(none):2.4-3.fc44.x86_64
snappy	(none):1.2.2-4.fc44.x86_64
sound-theme-freedesktop	(none):0.8-31.fc44.noarch
soxr	(none):0.1.3-21.fc44.x86_64
spandsp	(none):0.0.6-22.fc44.x86_64
spdlog	(none):1.15.3-4.fc44.x86_64
speex	(none):1.2.0-21.fc44.x86_64
spirv-tools-libs	(none):2026.1-1.fc44.x86_64
sqlite-libs	(none):3.51.2-2.fc44.x86_64
srt-libs	(none):1.5.6-1.fc44.x86_64
sudo	(none):1.9.17-8.p2.fc44.x86_64
svt-av1-libs	(none):3.1.2-2.fc44.x86_64
systemd	(none):259.8-1.fc44.x86_64
systemd-libs	(none):259.8-1.fc44.x86_64
systemd-rpm-macros	(none):259.8-1.fc44.noarch
systemd-shared	(none):259.8-1.fc44.x86_64
systemd-standalone-sysusers	(none):259.8-1.fc44.x86_64
tar	2:1.35-8.fc44.x86_64
tpm2-tss	(none):4.1.3-9.fc44.x86_64
tree-sitter-srpm-macros	(none):0.4.2-2.fc44.noarch
tslib	(none):1.24-2.fc44.x86_64
twolame-libs	(none):0.4.0-9.fc44.x86_64
tzdata	(none):2026c-1.fc44.noarch
unixODBC	(none):2.3.14-3.fc44.x86_64
unzip	(none):6.0-69.fc44.x86_64
urw-base35-bookman-fonts	(none):20200910-27.fc44.noarch
urw-base35-c059-fonts	(none):20200910-27.fc44.noarch
urw-base35-d050000l-fonts	(none):20200910-27.fc44.noarch
urw-base35-fonts	(none):20200910-27.fc44.noarch
urw-base35-fonts-common	(none):20200910-27.fc44.noarch
urw-base35-gothic-fonts	(none):20200910-27.fc44.noarch
urw-base35-nimbus-mono-ps-fonts	(none):20200910-27.fc44.noarch
urw-base35-nimbus-roman-fonts	(none):20200910-27.fc44.noarch
urw-base35-nimbus-sans-fonts	(none):20200910-27.fc44.noarch
urw-base35-p052-fonts	(none):20200910-27.fc44.noarch
urw-base35-standard-symbols-ps-fonts	(none):20200910-27.fc44.noarch
urw-base35-z003-fonts	(none):20200910-27.fc44.noarch
util-linux	(none):2.41.5-1.fc44.x86_64
util-linux-core	(none):2.41.5-1.fc44.x86_64
vim-data	2:9.2.967-1.fc44.noarch
vim-filesystem	2:9.2.967-1.fc44.noarch
vim-minimal	2:9.2.967-1.fc44.x86_64
vo-amrwbenc	(none):0.1.3-24.fc44.x86_64
vulkan-headers	(none):1.4.341.0-1.fc44.noarch
vulkan-loader	(none):1.4.341.0-1.fc44.x86_64
vulkan-loader-devel	(none):1.4.341.0-1.fc44.x86_64
wayland-devel	(none):1.25.0-1.fc44.x86_64
web-assets-filesystem	(none):5-25.fc44.noarch
webrtc-audio-processing	(none):2.1-5.fc44.x86_64
xapian-core-libs	(none):1.4.30-2.fc44.x86_64
xcb-util	(none):0.4.1-9.fc44.x86_64
xcb-util-cursor	(none):0.1.6-2.fc44.x86_64
xcb-util-image	(none):0.4.1-9.fc44.x86_64
xcb-util-keysyms	(none):0.4.1-9.fc44.x86_64
xcb-util-renderutil	(none):0.3.10-9.fc44.x86_64
xcb-util-wm	(none):0.4.2-9.fc44.x86_64
xevd-libs	(none):0.5.0-6.fc44.x86_64
xeve-libs	(none):0.5.1-6.fc44.x86_64
xkbcomp	(none):1.5.0-2.fc44.x86_64
xkeyboard-config	(none):2.47-1.fc44.noarch
xml-common	(none):0.6.3-68.fc44.noarch
xorg-x11-proto-devel	(none):2025.1-2.fc44.noarch
xorg-x11-server-Xwayland	(none):24.1.13-1.fc44.x86_64
xprop	(none):1.2.8-5.fc44.x86_64
xvidcore	(none):1.3.7-19.fc44.x86_64
xxhash-libs	(none):0.8.3-4.fc44.x86_64
xz	1:5.8.2-2.fc44.x86_64
xz-devel	1:5.8.2-2.fc44.x86_64
xz-libs	1:5.8.2-2.fc44.x86_64
zchunk-libs	(none):1.5.4-1.fc44.x86_64
zeromq	(none):4.3.5-22.fc43.x86_64
zig-srpm-macros	(none):1-8.fc44.noarch
zip	(none):3.0-45.fc44.x86_64
zlib-ng-compat	(none):2.3.3-3.fc44.x86_64
zlib-ng-compat-devel	(none):2.3.3-3.fc44.x86_64
zstd	(none):1.5.7-5.fc44.x86_64
zvbi	(none):0.2.44-3.fc44.x86_64
