# package	version	repository	url	sha256
holo-keyring	20250801-1	holo-main	https://steamdeck-packages.steamos.cloud/archlinux-mirror/holo-main/os/x86_64/holo-keyring-20250801-1-any.pkg.tar.zst	a5efa4f9c161ce9607fd9dfcccaf2a587baa9acd35eae04d3c01d967dddc9722
abseil-cpp	20250512.1-1	extra-main	https://steamdeck-packages.steamos.cloud/archlinux-mirror/extra-main/os/x86_64/abseil-cpp-20250512.1-1-x86_64.pkg.tar.zst	9de67a852d2813e39e4ca1f42fa2011fab585f7f373620116310167db579218a
acl	2.3.2-1	core-main	https://steamdeck-packages.steamos.cloud/archlinux-mirror/core-main/os/x86_64/acl-2.3.2-1-x86_64.pkg.tar.zst	cbfb71e8ba9aca9e51cbdfd77d0ec51371eb865a9a098c77e2c6046962e6ae0a
alsa-card-profiles	1:1.6.8-1.1	jupiter-main	https://steamdeck-packages.steamos.cloud/archlinux-mirror/jupiter-main/os/x86_64/alsa-card-profiles-1:1.6.8-1.1-x86_64.pkg.tar.zst	d51aedae66a7b36d4bb68f977017fbafc9b73eeefaece1c7152f81a9e8665c8c
alsa-lib	1.2.14-1	extra-main	https://steamdeck-packages.steamos.cloud/archlinux-mirror/extra-main/os/x86_64/alsa-lib-1.2.14-1-x86_64.pkg.tar.zst	e3e237147058b1deb44d9f2e23303b8ec4249d0537bbad5b143b946698bcb827
alsa-topology-conf	1.2.5.1-4	extra-main	https://steamdeck-packages.steamos.cloud/archlinux-mirror/extra-main/os/x86_64/alsa-topology-conf-1.2.5.1-4-any.pkg.tar.zst	a76b237e24973099b3cee9d3c89f4f8b46d9133411f0992bd46a5131e4427a0c
alsa-ucm-conf	1.2.14-2.4	jupiter-main	https://steamdeck-packages.steamos.cloud/archlinux-mirror/jupiter-main/os/x86_64/alsa-ucm-conf-1.2.14-2.4-any.pkg.tar.zst	00eec8b80a133ded204946ff6c4058230a598615c0d4684b40ea5824ce64558d
appstream	1.0.5-2	extra-main	https://steamdeck-packages.steamos.cloud/archlinux-mirror/extra-main/os/x86_64/appstream-1.0.5-2-x86_64.pkg.tar.zst	d180ebf3b76b558847c7d9e1b25b6e59a6aac56f378f78427fb83ea3d4cc2167
archlinux-keyring	20250716-1	core-main	https://steamdeck-packages.steamos.cloud/archlinux-mirror/core-main/os/x86_64/archlinux-keyring-20250716-1-any.pkg.tar.zst	7b0da908ece811f9622212b6e0c054aec9c446dabb00ededa95bfbe0fabcf43c
attica	6.16.0-1	extra-main	https://steamdeck-packages.steamos.cloud/archlinux-mirror/extra-main/os/x86_64/attica-6.16.0-1-x86_64.pkg.tar.zst	53ab0da902e1cc0959c67e6098b26bd00a7f7bca61239adf7a6b456361607fbd
attr	2.5.2-1	core-main	https://steamdeck-packages.steamos.cloud/archlinux-mirror/core-main/os/x86_64/attr-2.5.2-1-x86_64.pkg.tar.zst	83bcd58b066492f1242be41fa3f5750586d9eb7d8424a776e9fd6a8c5a496948
audit	4.0.5-1	core-main	https://steamdeck-packages.steamos.cloud/archlinux-mirror/core-main/os/x86_64/audit-4.0.5-1-x86_64.pkg.tar.zst	09d03362067b441b343df86d41025cd4be8ce2f10347e610fc8db2c389822ebc
aurorae	6.4.3-1	extra-main	https://steamdeck-packages.steamos.cloud/archlinux-mirror/extra-main/os/x86_64/aurorae-6.4.3-1-x86_64.pkg.tar.zst	89fd72d967101182832642fc06cd9c3124c8f37cd66b6152dd00b3dc9ad6ecae
autoconf	2.72-1	core-main	https://steamdeck-packages.steamos.cloud/archlinux-mirror/core-main/os/x86_64/autoconf-2.72-1-any.pkg.tar.zst	44afcc89c89548bede040ae09e66ece236dc99202458bc22866bc3d490df4345
automake	1.18.1-1	core-main	https://steamdeck-packages.steamos.cloud/archlinux-mirror/core-main/os/x86_64/automake-1.18.1-1-any.pkg.tar.zst	47416f72d0d579b391f9be5a55f5b3fa204a09097512b8179d6be5fa0527510a
avahi	1:0.8+r194+g3f79789c-3.2	holo-main	https://steamdeck-packages.steamos.cloud/archlinux-mirror/holo-main/os/x86_64/avahi-1:0.8+r194+g3f79789c-3.2-x86_64.pkg.tar.zst	5f0e37f3fb4b5aee1132b64580227f6a93d361cca7ad0c1dcf748c0492c8828e
base-devel	1-2	core-main	https://steamdeck-packages.steamos.cloud/archlinux-mirror/core-main/os/x86_64/base-devel-1-2-any.pkg.tar.zst	412a2effe23751e1c11b2fa68155f1a29ecea5d9dc8ea8cef4e87b7b429d3201
bash	5.3.3-1	core-main	https://steamdeck-packages.steamos.cloud/archlinux-mirror/core-main/os/x86_64/bash-5.3.3-1-x86_64.pkg.tar.zst	1b89e3957467c16bac23d7d9e38869749a2fd34fedfb7a6a4db45c1afbbb417b
binutils	2.45-1	core-main	https://steamdeck-packages.steamos.cloud/archlinux-mirror/core-main/os/x86_64/binutils-2.45-1-x86_64.pkg.tar.zst	afd7c3908e9f51acbf51ccf52761b260b261f87aa5355b360cdde4f9960bfd22
bison	3.8.2-8	core-main	https://steamdeck-packages.steamos.cloud/archlinux-mirror/core-main/os/x86_64/bison-3.8.2-8-x86_64.pkg.tar.zst	417f8e94f7088e6de69cd36d7927d82988266f298e8d4fed3166abb13e971941
bluez-libs	5.86-4.1	holo-main	https://steamdeck-packages.steamos.cloud/archlinux-mirror/holo-main/os/x86_64/bluez-libs-5.86-4.1-x86_64.pkg.tar.zst	a73654d396df3d5bd651731da5ef024fb104adcf22509cfe10a8f68c67e0df80
breeze	6.4.3-1	extra-main	https://steamdeck-packages.steamos.cloud/archlinux-mirror/extra-main/os/x86_64/breeze-6.4.3-1-x86_64.pkg.tar.zst	43e29d517911265e392034b2a1787bade5d0f7f58d748951822cd62088829381
breeze-icons	6.16.0-1	extra-main	https://steamdeck-packages.steamos.cloud/archlinux-mirror/extra-main/os/x86_64/breeze-icons-6.16.0-1-x86_64.pkg.tar.zst	d7da362a2617033b1e854287d7db30ebd687c77e76abb6a3b45e124138cb1903
brotli	1.1.0-3	core-main	https://steamdeck-packages.steamos.cloud/archlinux-mirror/core-main/os/x86_64/brotli-1.1.0-3-x86_64.pkg.tar.zst	34d7d1f09eacbac59d5a3aef6bbef4a971859c9789c13c59caa490178e1ee0cc
bzip2	1.0.8-6	core-main	https://steamdeck-packages.steamos.cloud/archlinux-mirror/core-main/os/x86_64/bzip2-1.0.8-6-x86_64.pkg.tar.zst	8779003d659c441b952095c19907603a738c1366f25cc51be3fd139fa4e95748
ca-certificates	20240618-1	core-main	https://steamdeck-packages.steamos.cloud/archlinux-mirror/core-main/os/x86_64/ca-certificates-20240618-1-any.pkg.tar.zst	982005bd5ecc998c05f561b57bb58b4457407779727e3c3d59e926d34a8b0712
ca-certificates-mozilla	3.114-1	core-main	https://steamdeck-packages.steamos.cloud/archlinux-mirror/core-main/os/x86_64/ca-certificates-mozilla-3.114-1-x86_64.pkg.tar.zst	244472d03ef423325ebce45fc350d1295c20586ba3ede37bdd063c79601c5661
ca-certificates-utils	20240618-1	core-main	https://steamdeck-packages.steamos.cloud/archlinux-mirror/core-main/os/x86_64/ca-certificates-utils-20240618-1-any.pkg.tar.zst	aabd5b2b7030716ccdd465d607e734e851fe4a01adf8293a3968fe22eb89ce9b
cairo	1.18.4-1	extra-main	https://steamdeck-packages.steamos.cloud/archlinux-mirror/extra-main/os/x86_64/cairo-1.18.4-1-x86_64.pkg.tar.zst	280a524ba7dce88990aace1496abd742b000a7c98a5ec6abd054a4b19f2f4c96
cmake	4.0.3-1	extra-main	https://steamdeck-packages.steamos.cloud/archlinux-mirror/extra-main/os/x86_64/cmake-4.0.3-1-x86_64.pkg.tar.zst	4c3fc1ee51a40109951ef1c69f8c7fff36c2d034eb7923fb9ec953670930e65e
coreutils	9.7-1	core-main	https://steamdeck-packages.steamos.cloud/archlinux-mirror/core-main/os/x86_64/coreutils-9.7-1-x86_64.pkg.tar.zst	1f4524fdd053979c523bccb2a12df5ab6e784f5c64dfc8e8bf49a9efe81a1eb6
cppdap	1.58.0-2	extra-main	https://steamdeck-packages.steamos.cloud/archlinux-mirror/extra-main/os/x86_64/cppdap-1.58.0-2-x86_64.pkg.tar.zst	29796195345f80920d6e018d53cd0f92eb7b7d379849d262a0dbcd4b1fa573ef
cryptsetup	2.8.0-1	core-main	https://steamdeck-packages.steamos.cloud/archlinux-mirror/core-main/os/x86_64/cryptsetup-2.8.0-1-x86_64.pkg.tar.zst	647c05a7329d7bcf3cc2ece274ff0267685b81b03f2d3a8cf9e63ef0c024b754
curl	8.15.0-1	core-main	https://steamdeck-packages.steamos.cloud/archlinux-mirror/core-main/os/x86_64/curl-8.15.0-1-x86_64.pkg.tar.zst	41329e5a0fb1b9bc755d97ab9dd1ce7e7386a4d1f2a511ba5f8107ce3b209e0d
dav1d	1.5.1-1	extra-main	https://steamdeck-packages.steamos.cloud/archlinux-mirror/extra-main/os/x86_64/dav1d-1.5.1-1-x86_64.pkg.tar.zst	6b6857c12c438f283981d2686765c96aa5aeea384864f4a728f6f8da9ffab7e0
db5.3	5.3.28-5	core-main	https://steamdeck-packages.steamos.cloud/archlinux-mirror/core-main/os/x86_64/db5.3-5.3.28-5-x86_64.pkg.tar.zst	edb56c7d84c438b387a53ee414daff2611f62e4804ec8f2995e17b34437c0a4c
dbus	1.16.2-1	core-main	https://steamdeck-packages.steamos.cloud/archlinux-mirror/core-main/os/x86_64/dbus-1.16.2-1-x86_64.pkg.tar.zst	740fb8d02f6a5798984f17bf09c4f9f62f42a8339499c283867d9c35cda0d8af
dbus-broker	37-2	core-main	https://steamdeck-packages.steamos.cloud/archlinux-mirror/core-main/os/x86_64/dbus-broker-37-2-x86_64.pkg.tar.zst	1e3f2b7ac1b856e121a03b7d26e44352b78e4214bcd22c1cca30611f97f48479
dbus-broker-units	37-2	core-main	https://steamdeck-packages.steamos.cloud/archlinux-mirror/core-main/os/x86_64/dbus-broker-units-37-2-x86_64.pkg.tar.zst	16c21d981208aa7f334fc7f4e36e3dd9b0e44107cce79b033632554c0daeef09
dbus-units	37-2	core-main	https://steamdeck-packages.steamos.cloud/archlinux-mirror/core-main/os/x86_64/dbus-units-37-2-x86_64.pkg.tar.zst	461314992f03328af8872d8e96cd833222c01a727fe113431524c5b68fa760b6
debugedit	5.2-1	core-main	https://steamdeck-packages.steamos.cloud/archlinux-mirror/core-main/os/x86_64/debugedit-5.2-1-x86_64.pkg.tar.zst	77704c3b800015b86455b5a60cf10174014fe24ba72f5c77b03b807c037884d7
default-cursors	3-1	extra-main	https://steamdeck-packages.steamos.cloud/archlinux-mirror/extra-main/os/x86_64/default-cursors-3-1-any.pkg.tar.zst	ae52028372c3b2f66547baab41f1614b25472489d927b1a50b596bb8df7c056e
device-mapper	2.03.33-1	core-main	https://steamdeck-packages.steamos.cloud/archlinux-mirror/core-main/os/x86_64/device-mapper-2.03.33-1-x86_64.pkg.tar.zst	541b20d7ffabc28f1a1831549683419d05795b65732c2d9aae70ddb273e0b92b
diffutils	3.12-2	core-main	https://steamdeck-packages.steamos.cloud/archlinux-mirror/core-main/os/x86_64/diffutils-3.12-2-x86_64.pkg.tar.zst	53830e09d46ceccde48a0fc1dcee026902e2a639a1b8a5e2a091d2a9d90b6967
double-conversion	3.3.1-1	extra-main	https://steamdeck-packages.steamos.cloud/archlinux-mirror/extra-main/os/x86_64/double-conversion-3.3.1-1-x86_64.pkg.tar.zst	aa75a8481ebe25276e9042ba72c0edccab30b6f4f69525b8cc2696ed1280f836
duktape	2.7.0-7	extra-main	https://steamdeck-packages.steamos.cloud/archlinux-mirror/extra-main/os/x86_64/duktape-2.7.0-7-x86_64.pkg.tar.zst	92452979e8cc6f34558ee4d9c3f34f8b7e0d7a8ebff94296b68c7926f00895cd
e2fsprogs	1.47.3-1	core-main	https://steamdeck-packages.steamos.cloud/archlinux-mirror/core-main/os/x86_64/e2fsprogs-1.47.3-1-x86_64.pkg.tar.zst	2abdd72a842252b1859e88e547e18b8ee6db84d9f2d98125f18a165d8c7dd981
elfutils	0.193-2	core-main	https://steamdeck-packages.steamos.cloud/archlinux-mirror/core-main/os/x86_64/elfutils-0.193-2-x86_64.pkg.tar.zst	2babd39c035cc8d96c0dd7d15e42b315a0b12e9835fa894f75527c4e5c4aa794
expat	2.7.1-1	core-main	https://steamdeck-packages.steamos.cloud/archlinux-mirror/core-main/os/x86_64/expat-2.7.1-1-x86_64.pkg.tar.zst	1868255dd1d5a673436887070b4739512529a54af3407ed7d1d0059dadd48d58
extra-cmake-modules	6.16.0-1	extra-main	https://steamdeck-packages.steamos.cloud/archlinux-mirror/extra-main/os/x86_64/extra-cmake-modules-6.16.0-1-any.pkg.tar.zst	ad4d8f2faf507018e0c825a13cecdf02c224d3bf86f02a35bdaa41fcfbd7a8e9
fakeroot	1.37.1.2-1	core-main	https://steamdeck-packages.steamos.cloud/archlinux-mirror/core-main/os/x86_64/fakeroot-1.37.1.2-1-x86_64.pkg.tar.zst	27bd017d9e4438f508103a59877956643b85e705cff7050cc53d6a4dd7b9629b
fftw	3.3.10-7	extra-main	https://steamdeck-packages.steamos.cloud/archlinux-mirror/extra-main/os/x86_64/fftw-3.3.10-7-x86_64.pkg.tar.zst	dde498f22700dbd56e5207424e732a567b68452cc1d304287f38e99875fa6d04
file	5.46-4	core-main	https://steamdeck-packages.steamos.cloud/archlinux-mirror/core-main/os/x86_64/file-5.46-4-x86_64.pkg.tar.zst	e2f086483a0a4d978ddce616be544fe7dfc3219e023c2aa9e39ab1a23efbecd3
filesystem	2021.12.07-1.18	holo-main	https://steamdeck-packages.steamos.cloud/archlinux-mirror/holo-main/os/x86_64/filesystem-2021.12.07-1.18-x86_64.pkg.tar.zst	ef43c4583631be326692567da9783c54758b1c69ddeec47f28761009172048d8
findutils	4.10.0-3	core-main	https://steamdeck-packages.steamos.cloud/archlinux-mirror/core-main/os/x86_64/findutils-4.10.0-3-x86_64.pkg.tar.zst	689e1be701e9b20a650f012793e8a79ee62d8a61ddce84c79e940068f9b713c9
flac	1.5.0-1	extra-main	https://steamdeck-packages.steamos.cloud/archlinux-mirror/extra-main/os/x86_64/flac-1.5.0-1-x86_64.pkg.tar.zst	7c8dce6bde402b9d243fd240847722a57b94df1dbf53e0cabc9119219dd04735
flex	2.6.4-5	core-main	https://steamdeck-packages.steamos.cloud/archlinux-mirror/core-main/os/x86_64/flex-2.6.4-5-x86_64.pkg.tar.zst	9fdee0b311ce967927006f523e537670d1be94deee52e0115902cf6087c59e25
fontconfig	2:2.17.1-1	extra-main	https://steamdeck-packages.steamos.cloud/archlinux-mirror/extra-main/os/x86_64/fontconfig-2:2.17.1-1-x86_64.pkg.tar.zst	64dcc7ccaa5460b93ce1c76a9e104bcbb373d3d15fb5abc01a1192f4607e9d2e
frameworkintegration	6.16.0-1	extra-main	https://steamdeck-packages.steamos.cloud/archlinux-mirror/extra-main/os/x86_64/frameworkintegration-6.16.0-1-x86_64.pkg.tar.zst	90cd0b3052c8c4b9bf0f403b931be55e6591dc312f35b044c38adfeac2d477e7
freetype2	2.13.3-3	extra-main	https://steamdeck-packages.steamos.cloud/archlinux-mirror/extra-main/os/x86_64/freetype2-2.13.3-3-x86_64.pkg.tar.zst	130217614d85ad4a7bc4a565e2ef2be51e71712287263bc7463fc07f4bc2f985
fribidi	1.0.16-2	extra-main	https://steamdeck-packages.steamos.cloud/archlinux-mirror/extra-main/os/x86_64/fribidi-1.0.16-2-x86_64.pkg.tar.zst	7146e87f3f68db302ca0e8d507e80f1f9881a05bb00e54bc762c507883c05803
gawk	5.3.2-1	core-main	https://steamdeck-packages.steamos.cloud/archlinux-mirror/core-main/os/x86_64/gawk-5.3.2-1-x86_64.pkg.tar.zst	d8f0f58b13e67baae12a8d823f59cc230296996e82ccff36cb47f9779493327c
gc	8.2.8-2	core-main	https://steamdeck-packages.steamos.cloud/archlinux-mirror/core-main/os/x86_64/gc-8.2.8-2-x86_64.pkg.tar.zst	c7b5e6816e7977a407e3f862b4ac51e7cf70e522c7fe1a72c2eca49431679712
gcc	15.1.1+r7+gf36ec88aa85a-1	core-main	https://steamdeck-packages.steamos.cloud/archlinux-mirror/core-main/os/x86_64/gcc-15.1.1+r7+gf36ec88aa85a-1-x86_64.pkg.tar.zst	d8bc5c74e9b58c281c0aca51cc3f6b18cff37cdac5d24ea7f67488eeb6caa27a
gcc-libs	15.1.1+r7+gf36ec88aa85a-1	core-main	https://steamdeck-packages.steamos.cloud/archlinux-mirror/core-main/os/x86_64/gcc-libs-15.1.1+r7+gf36ec88aa85a-1-x86_64.pkg.tar.zst	6eedd2e4afc53e377b5f1772b5d413de3647197e36ce5dc4a409f993668aa5ed
gdbm	1.25-1	core-main	https://steamdeck-packages.steamos.cloud/archlinux-mirror/core-main/os/x86_64/gdbm-1.25-1-x86_64.pkg.tar.zst	98b224ece1b1be95ab7c6f0b4d8d8ec036aa4f4441b254c3468cf8e290ac6808
gdk-pixbuf2	2.42.12-2	extra-main	https://steamdeck-packages.steamos.cloud/archlinux-mirror/extra-main/os/x86_64/gdk-pixbuf2-2.42.12-2-x86_64.pkg.tar.zst	63de2d2a476cd8985bf4962f5693fb46d59288828f2b461c289af4e3b2546138
gettext	0.26-1	core-main	https://steamdeck-packages.steamos.cloud/archlinux-mirror/core-main/os/x86_64/gettext-0.26-1-x86_64.pkg.tar.zst	b3a75ccb0762f4bf711f8698b1e5b326720345311e4b20a74d546a97dd36321b
glib2	2.84.3-1	core-main	https://steamdeck-packages.steamos.cloud/archlinux-mirror/core-main/os/x86_64/glib2-2.84.3-1-x86_64.pkg.tar.zst	91f161f75682136183661bcae3ec836a4be107e5e8060d71fdf509090e212b31
glibc	2.41+r65+ge7c419a29575-1	core-main	https://steamdeck-packages.steamos.cloud/archlinux-mirror/core-main/os/x86_64/glibc-2.41+r65+ge7c419a29575-1-x86_64.pkg.tar.zst	4eeb7ce640fcb5c38a8a89c9015f68979f7f91cc71d715d3bd90f74bd442a107
gmp	6.3.0-2	core-main	https://steamdeck-packages.steamos.cloud/archlinux-mirror/core-main/os/x86_64/gmp-6.3.0-2-x86_64.pkg.tar.zst	286c23ed38d46f803a19d06ca46dc67d96805f7805f7b9818cf9c0ca65a69326
gnulib-l10n	20241231-1	core-main	https://steamdeck-packages.steamos.cloud/archlinux-mirror/core-main/os/x86_64/gnulib-l10n-20241231-1-any.pkg.tar.zst	86e6ea818cb331171018bef6e4486c1176064655e0d459bcecc9cc9c2bb74a2c
gnupg	2.4.8-1	core-main	https://steamdeck-packages.steamos.cloud/archlinux-mirror/core-main/os/x86_64/gnupg-2.4.8-1-x86_64.pkg.tar.zst	268eabb73344c746cdff69a091b7e6c8dad453f21a1eefc9c8d7532a9b460554
gnutls	3.8.13-1.1	holo-main	https://steamdeck-packages.steamos.cloud/archlinux-mirror/holo-main/os/x86_64/gnutls-3.8.13-1.1-x86_64.pkg.tar.zst	00656d8dbaeebe1355cd5ed9954f9e419404e3a07e6b9165de2b1f1a406d2f57
gpgme	2.0.0-1	core-main	https://steamdeck-packages.steamos.cloud/archlinux-mirror/core-main/os/x86_64/gpgme-2.0.0-1-x86_64.pkg.tar.zst	f63e5510da98ea38777b6cb3c2fa44d2240b48190c5c2e4597c4e9889ab087f7
gpgmepp	2.0.0-2	extra-main	https://steamdeck-packages.steamos.cloud/archlinux-mirror/extra-main/os/x86_64/gpgmepp-2.0.0-2-x86_64.pkg.tar.zst	25ef6905ebda58ea9b2d45d6d24890d70efc14f87ddd41e5969b0140e436e6c1
graphite	1:1.3.14-5	extra-main	https://steamdeck-packages.steamos.cloud/archlinux-mirror/extra-main/os/x86_64/graphite-1:1.3.14-5-x86_64.pkg.tar.zst	70eb3bae713baf66d0ebb363cc6b7ace2071a1aef026ebc344c7793d9bd26789
grep	3.12-2	core-main	https://steamdeck-packages.steamos.cloud/archlinux-mirror/core-main/os/x86_64/grep-3.12-2-x86_64.pkg.tar.zst	9dd8a5dad99e8d388b1fb1406919de218d30c7e49924f615a12d3f2deaaecfe2
groff	1.23.0-7	core-main	https://steamdeck-packages.steamos.cloud/archlinux-mirror/core-main/os/x86_64/groff-1.23.0-7-x86_64.pkg.tar.zst	374fef7746a4d372ef2da8773769ee6c669382ac79bd73aedc8bafebaf366ffe
gtest	1.17.0-1	extra-main	https://steamdeck-packages.steamos.cloud/archlinux-mirror/extra-main/os/x86_64/gtest-1.17.0-1-x86_64.pkg.tar.zst	e8be39f1917ae843c58128c302e583b0c570df1c8c6106239cec4c84c9b73317
guile	3.0.10-1	core-main	https://steamdeck-packages.steamos.cloud/archlinux-mirror/core-main/os/x86_64/guile-3.0.10-1-x86_64.pkg.tar.zst	bf4d1b474045a88c7ad97b1ce56e8dd5786e5a10de02a8d33dc8f041edc8d01d
gzip	1.14-2	core-main	https://steamdeck-packages.steamos.cloud/archlinux-mirror/core-main/os/x86_64/gzip-1.14-2-x86_64.pkg.tar.zst	e08b33c6aa9a19108d7941a78a6d137e3f700a544d21f14bf863d3c392c3a88e
harfbuzz	11.2.1-1	extra-main	https://steamdeck-packages.steamos.cloud/archlinux-mirror/extra-main/os/x86_64/harfbuzz-11.2.1-1-x86_64.pkg.tar.zst	9ffe4e898c506a568fcb6d7e23da8f11a92332d8bb27b343cf00bf4763e5a466
hicolor-icon-theme	0.18-1	extra-main	https://steamdeck-packages.steamos.cloud/archlinux-mirror/extra-main/os/x86_64/hicolor-icon-theme-0.18-1-any.pkg.tar.zst	22ec69012b9a55e276b5891f916366f692541dce3793bff3e85a28a10b91990a
hwdata	0.397-1.1	holo-main	https://steamdeck-packages.steamos.cloud/archlinux-mirror/holo-main/os/x86_64/hwdata-0.397-1.1-any.pkg.tar.zst	067b1ea2471383431cb1eb0a69cc1e273972a3bfd4a4b28d5f695a8f9144f805
iana-etc	20250612-1	core-main	https://steamdeck-packages.steamos.cloud/archlinux-mirror/core-main/os/x86_64/iana-etc-20250612-1-any.pkg.tar.zst	9468a00731b50a42cf870c524f8cd0815aa82a73b135edb2ac027f2de32159df
icu	76.1-1	core-main	https://steamdeck-packages.steamos.cloud/archlinux-mirror/core-main/os/x86_64/icu-76.1-1-x86_64.pkg.tar.zst	8e0745f79b330395e04cb6c2119dd901b0adb35f031ab5b4240bb7e72e688157
iso-codes	4.18.0-1	extra-main	https://steamdeck-packages.steamos.cloud/archlinux-mirror/extra-main/os/x86_64/iso-codes-4.18.0-1-any.pkg.tar.zst	515833ecefc04d116ca7eafc6afe6d3e8b10d987c30b8c435551d4db9f1c5583
jansson	2.14.1-1	core-main	https://steamdeck-packages.steamos.cloud/archlinux-mirror/core-main/os/x86_64/jansson-2.14.1-1-x86_64.pkg.tar.zst	18bcb1ca84cf1a59a09d8237d379ceed73acaa1c50ab7a3339800ff665a2f230
jbigkit	2.1-8	extra-main	https://steamdeck-packages.steamos.cloud/archlinux-mirror/extra-main/os/x86_64/jbigkit-2.1-8-x86_64.pkg.tar.zst	ca53fa884681273162aadcf99c30514a7010d5e621eb0a5ae491500ae8dc52c9
json-c	0.18-2	core-main	https://steamdeck-packages.steamos.cloud/archlinux-mirror/core-main/os/x86_64/json-c-0.18-2-x86_64.pkg.tar.zst	5900c861de5cdacb14d040bf77db6e785708ba31fab5d4824e3a98983ccce790
jsoncpp	1.9.6-3	extra-main	https://steamdeck-packages.steamos.cloud/archlinux-mirror/extra-main/os/x86_64/jsoncpp-1.9.6-3-x86_64.pkg.tar.zst	2aa066e1840850aad3b901dec9e8aaa047afcd1835576378f6ba16285c268fcb
karchive	6.16.0-1	extra-main	https://steamdeck-packages.steamos.cloud/archlinux-mirror/extra-main/os/x86_64/karchive-6.16.0-1-x86_64.pkg.tar.zst	adee0a8b28fc4171721cdb6b2240104b563d6711618bbd3ee315f5835b868e0f
kauth	6.16.0-1	extra-main	https://steamdeck-packages.steamos.cloud/archlinux-mirror/extra-main/os/x86_64/kauth-6.16.0-1-x86_64.pkg.tar.zst	755678470948e97a554b9070af96bbbb828a492241acc4b865f124c8e48b68d5
kbd	2.8.0-1	core-main	https://steamdeck-packages.steamos.cloud/archlinux-mirror/core-main/os/x86_64/kbd-2.8.0-1-x86_64.pkg.tar.zst	8b62aa64932916dfb8335f6ed798517df0d7a9ee7cf3af4c4a396eee18099b74
kbookmarks	6.16.0-1	extra-main	https://steamdeck-packages.steamos.cloud/archlinux-mirror/extra-main/os/x86_64/kbookmarks-6.16.0-1-x86_64.pkg.tar.zst	93ff7138ebbeca5585ad4211a1f00b8ecd1fa54fc78cf91ed5ecb7f9d2d0288e
kcmutils	6.16.0-1	extra-main	https://steamdeck-packages.steamos.cloud/archlinux-mirror/extra-main/os/x86_64/kcmutils-6.16.0-1-x86_64.pkg.tar.zst	65dbef0740585a9a0ae1d994b1970840f2cf2786930ec492c3ca4d10bc4bf789
kcodecs	6.16.0-1	extra-main	https://steamdeck-packages.steamos.cloud/archlinux-mirror/extra-main/os/x86_64/kcodecs-6.16.0-1-x86_64.pkg.tar.zst	e9591942607ceda679bc7fbc5345304661f6cb1a09a6ffefe3972ce1961dfed4
kcolorscheme	6.16.0-1	extra-main	https://steamdeck-packages.steamos.cloud/archlinux-mirror/extra-main/os/x86_64/kcolorscheme-6.16.0-1-x86_64.pkg.tar.zst	d75cd59689155152f18e081a9596fb931411a49e84cfa5a91f0780d338e42a89
kcompletion	6.16.0-1	extra-main	https://steamdeck-packages.steamos.cloud/archlinux-mirror/extra-main/os/x86_64/kcompletion-6.16.0-1-x86_64.pkg.tar.zst	5b34cca01c55ffe684915001635a4141be5a5a2d3bc5d8ff8d5951f5d0ddc867
kconfig	6.16.0-1	extra-main	https://steamdeck-packages.steamos.cloud/archlinux-mirror/extra-main/os/x86_64/kconfig-6.16.0-1-x86_64.pkg.tar.zst	7a5c7a6a854b6c9cb7c1b0f2368e3b4abcfc5dd1fa1690689b1c61ae04b3c295
kconfigwidgets	6.16.0-1	extra-main	https://steamdeck-packages.steamos.cloud/archlinux-mirror/extra-main/os/x86_64/kconfigwidgets-6.16.0-1-x86_64.pkg.tar.zst	26f72bf1a18bd4bdad0871e3a7cadce20c2db2f77b301e099c4b3641b2d6bb02
kcoreaddons	6.16.0-1.2	holo-main	https://steamdeck-packages.steamos.cloud/archlinux-mirror/holo-main/os/x86_64/kcoreaddons-6.16.0-1.2-x86_64.pkg.tar.zst	931eb7cb9fbc3dd028f5f0b91c0306df854e421c4917ef1b56a07760c882e365
kcrash	6.16.0-1	extra-main	https://steamdeck-packages.steamos.cloud/archlinux-mirror/extra-main/os/x86_64/kcrash-6.16.0-1-x86_64.pkg.tar.zst	1a4852465b721ecee262afab8a9c572321d673e2db4cae4644fd7f2e4018f04d
kdbusaddons	6.16.0-1	extra-main	https://steamdeck-packages.steamos.cloud/archlinux-mirror/extra-main/os/x86_64/kdbusaddons-6.16.0-1-x86_64.pkg.tar.zst	c4eb4438b680144e28dfaa5cba09fe88ea363b0728616d862e7ca3fcf7bc98f0
kdeclarative	6.16.0-1	extra-main	https://steamdeck-packages.steamos.cloud/archlinux-mirror/extra-main/os/x86_64/kdeclarative-6.16.0-1-x86_64.pkg.tar.zst	71c1fda044226bced20d869a631dbf0be35a91d0a6fe9b6602eb78896f1fa078
kdecoration	6.4.3-1	extra-main	https://steamdeck-packages.steamos.cloud/archlinux-mirror/extra-main/os/x86_64/kdecoration-6.4.3-1-x86_64.pkg.tar.zst	fa731969968412bdb9ab8a882df07cb85c1d01df6f78ec0e40d52a41a1369dba
keyutils	1.6.3-3	core-main	https://steamdeck-packages.steamos.cloud/archlinux-mirror/core-main/os/x86_64/keyutils-1.6.3-3-x86_64.pkg.tar.zst	8d61c8798ed6383280da2abc067d3f29e9cf2d1d60b57a705e62e8bd9ab89f69
kglobalaccel	6.16.0-1	extra-main	https://steamdeck-packages.steamos.cloud/archlinux-mirror/extra-main/os/x86_64/kglobalaccel-6.16.0-1-x86_64.pkg.tar.zst	2e10c84c7d95f620ce8ef1f2994ed265f1980e27c4537f09daafb173f0917565
kglobalacceld	6.4.3-1	extra-main	https://steamdeck-packages.steamos.cloud/archlinux-mirror/extra-main/os/x86_64/kglobalacceld-6.4.3-1-x86_64.pkg.tar.zst	af551ae52c535da06fa32910cb914a93cdea45c32d425c0587c02431b7e0c06f
kguiaddons	6.16.0-1	extra-main	https://steamdeck-packages.steamos.cloud/archlinux-mirror/extra-main/os/x86_64/kguiaddons-6.16.0-1-x86_64.pkg.tar.zst	4d7d3f0cb3cfd8a4f88bcad2f18596e584a43b95a8fc7a4092ceaf49e1f95442
ki18n	6.16.0-1	extra-main	https://steamdeck-packages.steamos.cloud/archlinux-mirror/extra-main/os/x86_64/ki18n-6.16.0-1-x86_64.pkg.tar.zst	68746f64e90d147bfb87eddd112c1af858062a4ce44e9d5d18c23daf96f17221
kiconthemes	6.16.0-1	extra-main	https://steamdeck-packages.steamos.cloud/archlinux-mirror/extra-main/os/x86_64/kiconthemes-6.16.0-1-x86_64.pkg.tar.zst	6a3ecaf2d6573a526b5a5cb883d6712fb37e46509d9af790598b25ee866a85ef
kidletime	6.16.0-1	extra-main	https://steamdeck-packages.steamos.cloud/archlinux-mirror/extra-main/os/x86_64/kidletime-6.16.0-1-x86_64.pkg.tar.zst	51c0c51271940bebb8b49d75c677cba2e2748a232e4c3aa95e4f7d7f64926042
kio	6.16.0-1	extra-main	https://steamdeck-packages.steamos.cloud/archlinux-mirror/extra-main/os/x86_64/kio-6.16.0-1-x86_64.pkg.tar.zst	94ff454369d8b3f3425b3bec435129b117f71f75f3ddc3684f991dce975e6e56
kirigami	6.16.0-2	extra-main	https://steamdeck-packages.steamos.cloud/archlinux-mirror/extra-main/os/x86_64/kirigami-6.16.0-2-x86_64.pkg.tar.zst	872f967b8a01180d75a0910f27e0b15b0223cf0dcc8268b1aa99a82f75db2990
kitemmodels	6.16.0-1	extra-main	https://steamdeck-packages.steamos.cloud/archlinux-mirror/extra-main/os/x86_64/kitemmodels-6.16.0-1-x86_64.pkg.tar.zst	f6b0c52a398b8f1bcbe9c54204c0898ffd2d364a09f43274d49d6f02efc4dc99
kitemviews	6.16.0-1	extra-main	https://steamdeck-packages.steamos.cloud/archlinux-mirror/extra-main/os/x86_64/kitemviews-6.16.0-1-x86_64.pkg.tar.zst	5e04082c40bb139326593be3afbabbc0cc0b42b95d1f23176dd049c121630eea
kjobwidgets	6.16.0-1	extra-main	https://steamdeck-packages.steamos.cloud/archlinux-mirror/extra-main/os/x86_64/kjobwidgets-6.16.0-1-x86_64.pkg.tar.zst	b9a65b6ba3520bde09f861e9e594a4afd974b3b3871442ffcc6262fd5018639c
kmod	34.2-1.1	holo-main	https://steamdeck-packages.steamos.cloud/archlinux-mirror/holo-main/os/x86_64/kmod-34.2-1.1-x86_64.pkg.tar.zst	e0acd132d07f92fa0e4e2a736cc9056d056c68e9b187978496d2988ced8d59f4
knewstuff	6.16.0-1	extra-main	https://steamdeck-packages.steamos.cloud/archlinux-mirror/extra-main/os/x86_64/knewstuff-6.16.0-1-x86_64.pkg.tar.zst	ee108d5e0e7098147a0802bc427f3364467b3b8aad2bfe30cf85ec072be61c72
knotifications	6.16.0-1	extra-main	https://steamdeck-packages.steamos.cloud/archlinux-mirror/extra-main/os/x86_64/knotifications-6.16.0-1-x86_64.pkg.tar.zst	4ff3c252e7acaf17da62c9d06ae827011570a64a8fe768f4dda7cc8c99fcb3a9
kpackage	6.16.0-1	extra-main	https://steamdeck-packages.steamos.cloud/archlinux-mirror/extra-main/os/x86_64/kpackage-6.16.0-1-x86_64.pkg.tar.zst	7ed4b4d9c45dc4f7efeb5d36446a3932da3c5354a742dec9827a4ddb2c6c2ab7
kquickcharts	6.16.0-1	extra-main	https://steamdeck-packages.steamos.cloud/archlinux-mirror/extra-main/os/x86_64/kquickcharts-6.16.0-1-x86_64.pkg.tar.zst	a8030139c880fddc1303ce6e3be814ca379081f79b75016f35966e7cdbe0f935
krb5	1.21.3-2	core-main	https://steamdeck-packages.steamos.cloud/archlinux-mirror/core-main/os/x86_64/krb5-1.21.3-2-x86_64.pkg.tar.zst	3144390d52f29bb5204cdf1bee1675c3c31adcfb301fbb0f88a1ce03de3944c0
kscreenlocker	6.4.3-2	holo-main	https://steamdeck-packages.steamos.cloud/archlinux-mirror/holo-main/os/x86_64/kscreenlocker-6.4.3-2-x86_64.pkg.tar.zst	51e8bbf21136887cc1c77d61839fd80cc5a6c6c496902c9ef276bc803fc6ff07
kservice	6.16.0-1	extra-main	https://steamdeck-packages.steamos.cloud/archlinux-mirror/extra-main/os/x86_64/kservice-6.16.0-1-x86_64.pkg.tar.zst	03d847b0e2d0200df3514043b432ccd6560f1dcc2d15c85ba74a27cf74896eb5
ksvg	6.16.0-1	extra-main	https://steamdeck-packages.steamos.cloud/archlinux-mirror/extra-main/os/x86_64/ksvg-6.16.0-1-x86_64.pkg.tar.zst	f90ef1c27730d104b19bd55ce0cf6d6727d221422174c6c4c25a8d2c64b9f375
kwallet	6.16.0-1	extra-main	https://steamdeck-packages.steamos.cloud/archlinux-mirror/extra-main/os/x86_64/kwallet-6.16.0-1-x86_64.pkg.tar.zst	83f6c784e9264ece3f4b27cb76731fac7b55ced08fa99bcb361494b9f61acaa5
kwayland	6.4.3-1	extra-main	https://steamdeck-packages.steamos.cloud/archlinux-mirror/extra-main/os/x86_64/kwayland-6.4.3-1-x86_64.pkg.tar.zst	9de2a4abe7db70daa6b11993102e50578561099ba838511ba8becaac7bcfa07a
kwidgetsaddons	6.16.0-1	extra-main	https://steamdeck-packages.steamos.cloud/archlinux-mirror/extra-main/os/x86_64/kwidgetsaddons-6.16.0-1-x86_64.pkg.tar.zst	374df7f6c41588d51b0615494385bf410dac93bc232c7b510dc5e4675859955a
kwin	6.4.3-1.14	jupiter-main	https://steamdeck-packages.steamos.cloud/archlinux-mirror/jupiter-main/os/x86_64/kwin-6.4.3-1.14-x86_64.pkg.tar.zst	80d8838097ef6adc46b56b1e5af842930f33247c5199c9c90b03ed6b82d525af
kwindowsystem	6.16.0-1.1	holo-main	https://steamdeck-packages.steamos.cloud/archlinux-mirror/holo-main/os/x86_64/kwindowsystem-6.16.0-1.1-x86_64.pkg.tar.zst	42dce8a38693de225a3c1dcf127a181b9e0cf9208c12de629f97266f64a4aa42
kxmlgui	6.16.0-1	extra-main	https://steamdeck-packages.steamos.cloud/archlinux-mirror/extra-main/os/x86_64/kxmlgui-6.16.0-1-x86_64.pkg.tar.zst	6df8e4797da7caa93d27079924086a84fc3443834724ec39187c3bf790f3200d
lame	3.100-5	extra-main	https://steamdeck-packages.steamos.cloud/archlinux-mirror/extra-main/os/x86_64/lame-3.100-5-x86_64.pkg.tar.zst	ff53f0e8fd6cb04701d6c0b5b375c4e07c162b61112a4273c606e8f6bb513797
layer-shell-qt	6.4.3-1	extra-main	https://steamdeck-packages.steamos.cloud/archlinux-mirror/extra-main/os/x86_64/layer-shell-qt-6.4.3-1-x86_64.pkg.tar.zst	6b5fdc2150fae11190e3e69421cffe41caf8f05f40af3393e90b0f389656e50a
lcms2	2.17-1	extra-main	https://steamdeck-packages.steamos.cloud/archlinux-mirror/extra-main/os/x86_64/lcms2-2.17-1-x86_64.pkg.tar.zst	f2ba63564307d3bd532f12ef527aca12762e6213e35aacf256622129a638972c
leancrypto	1.5.1-1	core-main	https://steamdeck-packages.steamos.cloud/archlinux-mirror/core-main/os/x86_64/leancrypto-1.5.1-1-x86_64.pkg.tar.zst	30f2f0d7e95615761cb4d15c8c66d292702ddcb0c81f1947ccad5603c545dde1
libarchive	3.8.1-1	core-main	https://steamdeck-packages.steamos.cloud/archlinux-mirror/core-main/os/x86_64/libarchive-3.8.1-1-x86_64.pkg.tar.zst	e7a3f4d0bc3a9218a4cd328186a765fdf82a490a119866a7cddf63fcfea76b2c
libassuan	3.0.0-1	core-main	https://steamdeck-packages.steamos.cloud/archlinux-mirror/core-main/os/x86_64/libassuan-3.0.0-1-x86_64.pkg.tar.zst	1843d675b324c9d549f3413dcbe653ec86876ac2898fc94423926ed30eab25a1
libasyncns	1:0.8+r3+g68cd5af-3	extra-main	https://steamdeck-packages.steamos.cloud/archlinux-mirror/extra-main/os/x86_64/libasyncns-1:0.8+r3+g68cd5af-3-x86_64.pkg.tar.zst	de65e601391ace5c126e863ad67245b03cfe87f46c12b509668f3da2419bbf15
libatasmart	0.19-6	extra-main	https://steamdeck-packages.steamos.cloud/archlinux-mirror/extra-main/os/x86_64/libatasmart-0.19-6-x86_64.pkg.tar.zst	90124e338611e88f3d840122e1a1ce58778dd4587a9daef69209cccfb6dd32a4
libb2	0.98.1-3	extra-main	https://steamdeck-packages.steamos.cloud/archlinux-mirror/extra-main/os/x86_64/libb2-0.98.1-3-x86_64.pkg.tar.zst	c556a0b37611e9a09f4ff18bb29e8a56f7c4cf59ef70d771d1c031dd2c2fc849
libblockdev	3.3.1-1	extra-main	https://steamdeck-packages.steamos.cloud/archlinux-mirror/extra-main/os/x86_64/libblockdev-3.3.1-1-x86_64.pkg.tar.zst	f889c3e810f35497e7e9159586094cf517c434bbf03820a802b7c1be31e431dd
libblockdev-crypto	3.3.1-1	extra-main	https://steamdeck-packages.steamos.cloud/archlinux-mirror/extra-main/os/x86_64/libblockdev-crypto-3.3.1-1-x86_64.pkg.tar.zst	b58906a70c51e07396d1d28b05777553713068afbaaa85ae02c265d76020092e
libblockdev-fs	3.3.1-1	extra-main	https://steamdeck-packages.steamos.cloud/archlinux-mirror/extra-main/os/x86_64/libblockdev-fs-3.3.1-1-x86_64.pkg.tar.zst	84dda972e561b09c2e37c5c9d9e803856aa127be0ab9a9833a3a8411c47ea27a
libblockdev-loop	3.3.1-1	extra-main	https://steamdeck-packages.steamos.cloud/archlinux-mirror/extra-main/os/x86_64/libblockdev-loop-3.3.1-1-x86_64.pkg.tar.zst	55ad1fd670c31da0a835b52178222172a6cc3fcd94da59bb28b636a5471f52c1
libblockdev-mdraid	3.3.1-1	extra-main	https://steamdeck-packages.steamos.cloud/archlinux-mirror/extra-main/os/x86_64/libblockdev-mdraid-3.3.1-1-x86_64.pkg.tar.zst	cc4c92d86f2f9f873e54731f937793d7019923053df026a5d6b0830302f91a56
libblockdev-nvme	3.3.1-1	extra-main	https://steamdeck-packages.steamos.cloud/archlinux-mirror/extra-main/os/x86_64/libblockdev-nvme-3.3.1-1-x86_64.pkg.tar.zst	f7a94ef4a269cbec9bdd06082715e458bfe4dd3700a12199f023e75bc7a15167
libblockdev-part	3.3.1-1	extra-main	https://steamdeck-packages.steamos.cloud/archlinux-mirror/extra-main/os/x86_64/libblockdev-part-3.3.1-1-x86_64.pkg.tar.zst	4981367323e6ba88ea9a886a74822d6362ee29dcfe7031c73ab966fb251b0448
libblockdev-swap	3.3.1-1	extra-main	https://steamdeck-packages.steamos.cloud/archlinux-mirror/extra-main/os/x86_64/libblockdev-swap-3.3.1-1-x86_64.pkg.tar.zst	eaa8a6a2404448b00dece7ef2b71921ab3ae4f36c4fc07b17fdba32cfb7389f7
libbytesize	2.11-1	extra-main	https://steamdeck-packages.steamos.cloud/archlinux-mirror/extra-main/os/x86_64/libbytesize-2.11-1-x86_64.pkg.tar.zst	13aaa8e553cd0636b58eea3eb50a39de3e7f99afe97638ca47768910800ba299
libcanberra	1:0.30+r2+gc0620e4-4	extra-main	https://steamdeck-packages.steamos.cloud/archlinux-mirror/extra-main/os/x86_64/libcanberra-1:0.30+r2+gc0620e4-4-x86_64.pkg.tar.zst	76726de158f3d4afb30ab630821b87d4ddfa6e5cd1d157fc9cfb4479546facde
libcap	2.76-1	core-main	https://steamdeck-packages.steamos.cloud/archlinux-mirror/core-main/os/x86_64/libcap-2.76-1-x86_64.pkg.tar.zst	2b8e51caff26ef7d70aea69b0c079eda5f942010c7f7db88b064228c845a7cbb
libcap-ng	0.8.5-3	core-main	https://steamdeck-packages.steamos.cloud/archlinux-mirror/core-main/os/x86_64/libcap-ng-0.8.5-3-x86_64.pkg.tar.zst	d257b3b2ad7b13a2aa11596a3a79ba605e16b073029bbc6374546e2b3df75d56
libcups	2:2.4.14-1.1	holo-main	https://steamdeck-packages.steamos.cloud/archlinux-mirror/holo-main/os/x86_64/libcups-2:2.4.14-1.1-x86_64.pkg.tar.zst	e5bfdc38a867c8f769c73254469460088652e49b598d53480ac3f2539c8da114
libdaemon	0.14-6	extra-main	https://steamdeck-packages.steamos.cloud/archlinux-mirror/extra-main/os/x86_64/libdaemon-0.14-6-x86_64.pkg.tar.zst	ece83006a468d5205ea45d1de8e9cdb3a864700f9d904fc4b7d52d69dce1b0b6
libdatrie	0.2.13-4	extra-main	https://steamdeck-packages.steamos.cloud/archlinux-mirror/extra-main/os/x86_64/libdatrie-0.2.13-4-x86_64.pkg.tar.zst	b0869b4745655b0ac32e6293534f3e82160068d8d496be98e79645df3dd4ccd1
libdisplay-info	0.3.0-1	holo-main	https://steamdeck-packages.steamos.cloud/archlinux-mirror/holo-main/os/x86_64/libdisplay-info-0.3.0-1-x86_64.pkg.tar.zst	858599998c434b97a79c997b26ccfed21acf8b12037f7313ef485ca884005b93
libdrm	2.4.133-1.1	holo-main	https://steamdeck-packages.steamos.cloud/archlinux-mirror/holo-main/os/x86_64/libdrm-2.4.133-1.1-x86_64.pkg.tar.zst	58727936749a45a918edfc82e39c43d5a93871141f34f124118c582808a6b2a4
libebur128	1.2.6-2	extra-main	https://steamdeck-packages.steamos.cloud/archlinux-mirror/extra-main/os/x86_64/libebur128-1.2.6-2-x86_64.pkg.tar.zst	95ea3382b10f3891f8d4527035eca3c3bca95c602bb3d2a7e26ce260e40cf7ee
libedit	20250104_3.1-1	core-main	https://steamdeck-packages.steamos.cloud/archlinux-mirror/core-main/os/x86_64/libedit-20250104_3.1-1-x86_64.pkg.tar.zst	9b4167ade67f899d5f4d1e0d3e8e8f18b5edfdd076f5aeffd100cb3093117987
libei	1.4.1-3	holo-main	https://steamdeck-packages.steamos.cloud/archlinux-mirror/holo-main/os/x86_64/libei-1.4.1-3-x86_64.pkg.tar.zst	6b25544e6f0e738931682b2838a6f5c03d5931d0d22bb9821b28524efa293260
libelf	0.193-2	core-main	https://steamdeck-packages.steamos.cloud/archlinux-mirror/core-main/os/x86_64/libelf-0.193-2-x86_64.pkg.tar.zst	4de9844fda6589d6ad1c9414dd9cc3ebb6f7f928fc2fb81a309a2a2ce66b1416
libepoxy	1.5.10-3	extra-main	https://steamdeck-packages.steamos.cloud/archlinux-mirror/extra-main/os/x86_64/libepoxy-1.5.10-3-x86_64.pkg.tar.zst	6e3f4e026b94d45b044f8c15ef0cc04772eafa892dd8b0bf037b1f865f0aaa33
libevdev	1.13.4-1	extra-main	https://steamdeck-packages.steamos.cloud/archlinux-mirror/extra-main/os/x86_64/libevdev-1.13.4-1-x86_64.pkg.tar.zst	d3c8b7c2d584ce94a98e7b929d8d44a531a8f97846f8d96e0d97304ab1f1011c
libevent	2.1.12-4	core-main	https://steamdeck-packages.steamos.cloud/archlinux-mirror/core-main/os/x86_64/libevent-2.1.12-4-x86_64.pkg.tar.zst	3ef99ed893703226ab2823eaeb1f8b0f1155897c4c83bb9ee926ac1454445369
libfdk-aac	2.0.3-1	extra-main	https://steamdeck-packages.steamos.cloud/archlinux-mirror/extra-main/os/x86_64/libfdk-aac-2.0.3-1-x86_64.pkg.tar.zst	f78316bb7151ce808d6b3b0808b16b44f6bfe49d3d95ff65cf8b161a81bec325
libffi	3.5.1-1	core-main	https://steamdeck-packages.steamos.cloud/archlinux-mirror/core-main/os/x86_64/libffi-3.5.1-1-x86_64.pkg.tar.zst	2a5df57eb1ec875b8fd825baf5eb70db2d487d7652532415b4bba38037afbb1e
libfreeaptx	0.2.2-1	extra-main	https://steamdeck-packages.steamos.cloud/archlinux-mirror/extra-main/os/x86_64/libfreeaptx-0.2.2-1-x86_64.pkg.tar.zst	bd6c02fce728512a27e6ef3a06cc42ecdd12ec3915d29b80a41ea14f247c13ff
libgcrypt	1.11.1-1	core-main	https://steamdeck-packages.steamos.cloud/archlinux-mirror/core-main/os/x86_64/libgcrypt-1.11.1-1-x86_64.pkg.tar.zst	ca523c9a80c948953165d23864a89504d36889c47c42d1bc95328c351fd742eb
libglvnd	1.7.0-3	extra-main	https://steamdeck-packages.steamos.cloud/archlinux-mirror/extra-main/os/x86_64/libglvnd-1.7.0-3-x86_64.pkg.tar.zst	633c2e95d7798d0ce7ee1b7fe970a22325f7f6d35b9f923bb61b223a80934437
libgpg-error	1.55-1	core-main	https://steamdeck-packages.steamos.cloud/archlinux-mirror/core-main/os/x86_64/libgpg-error-1.55-1-x86_64.pkg.tar.zst	6e723f8171084613ac37c666e145b0776c389b55071a14b1c404188f78ccd6f9
libgudev	238-3	extra-main	https://steamdeck-packages.steamos.cloud/archlinux-mirror/extra-main/os/x86_64/libgudev-238-3-x86_64.pkg.tar.zst	2eb60ecec6a7c1c2b18ae9c259afeb45ad18abb4cdfa486ff38f333557ed520f
libice	1.1.2-1	extra-main	https://steamdeck-packages.steamos.cloud/archlinux-mirror/extra-main/os/x86_64/libice-1.1.2-1-x86_64.pkg.tar.zst	bb613be39e5bc1707a39f895c178674bbda52f022da51612e7a10a386608e107
libidn2	2.3.7-1	core-main	https://steamdeck-packages.steamos.cloud/archlinux-mirror/core-main/os/x86_64/libidn2-2.3.7-1-x86_64.pkg.tar.zst	390e3a494f38bfa3d2f59fb1eb33f69cc7477f96caa27e4a635c523e13389700
libimobiledevice	1.3.0-16	extra-main	https://steamdeck-packages.steamos.cloud/archlinux-mirror/extra-main/os/x86_64/libimobiledevice-1.3.0-16-x86_64.pkg.tar.zst	eab7cab3bd7e2c14c19581c44b92315a8f36fd28b83825b9841d2ca66f384afa
libimobiledevice-glue	1.3.2-1	extra-main	https://steamdeck-packages.steamos.cloud/archlinux-mirror/extra-main/os/x86_64/libimobiledevice-glue-1.3.2-1-x86_64.pkg.tar.zst	f20da2280b05f04e9209ebf2ee88cb3a02868ae21b27679e077daa97251189b6
libinput	1.28.1-1.1	holo-main	https://steamdeck-packages.steamos.cloud/archlinux-mirror/holo-main/os/x86_64/libinput-1.28.1-1.1-x86_64.pkg.tar.zst	26afab0a752b6aa2ada2287fe40e1201d6dec16cdd604acc919321d95abe2fdb
libisl	0.27-1	core-main	https://steamdeck-packages.steamos.cloud/archlinux-mirror/core-main/os/x86_64/libisl-0.27-1-x86_64.pkg.tar.zst	55a36e8195e6d9ce2efeb4276c60df6b6e7d94812fa36f8423d5ce664a5d34df
libjpeg-turbo	3.1.1-1	extra-main	https://steamdeck-packages.steamos.cloud/archlinux-mirror/extra-main/os/x86_64/libjpeg-turbo-3.1.1-1-x86_64.pkg.tar.zst	989f0511ecfe0c06f87dfac3271f14659285e4ee96d87e05861662985020d2a3
libksba	1.6.7-2	core-main	https://steamdeck-packages.steamos.cloud/archlinux-mirror/core-main/os/x86_64/libksba-1.6.7-2-x86_64.pkg.tar.zst	7e0d48df8904083d029ef7c917df63644662f90f3fbf1341d5654af7fd3b43c8
libkscreen	6.4.3-1	extra-main	https://steamdeck-packages.steamos.cloud/archlinux-mirror/extra-main/os/x86_64/libkscreen-6.4.3-1-x86_64.pkg.tar.zst	0f09d3ab5fe92e71af1c59439203365edda28359d927948b9f491d4ff36831eb
liblc3	1.1.3-1	extra-main	https://steamdeck-packages.steamos.cloud/archlinux-mirror/extra-main/os/x86_64/liblc3-1.1.3-1-x86_64.pkg.tar.zst	151d78bc4bf57d9e743ae68377409312de8e7cda6653fa6ec9bb519886f5b41d
libldac	2.0.2.3-2	extra-main	https://steamdeck-packages.steamos.cloud/archlinux-mirror/extra-main/os/x86_64/libldac-2.0.2.3-2-x86_64.pkg.tar.zst	b1fce0c32fe9daf09656f193b79fdae058eb5eda436ceb98225a68c107c61639
libldap	2.6.10-2	core-main	https://steamdeck-packages.steamos.cloud/archlinux-mirror/core-main/os/x86_64/libldap-2.6.10-2-x86_64.pkg.tar.zst	b95fa7b5a49059baeff8d07fdcedac5b186bfa80e812f574ceefbc8d0645bc13
libmpc	1.3.1-2	core-main	https://steamdeck-packages.steamos.cloud/archlinux-mirror/core-main/os/x86_64/libmpc-1.3.1-2-x86_64.pkg.tar.zst	10554706eb15ed2186fbd55fd5db8fa5919788ac9a75d26c0b9ef5bdfca9d470
libmysofa	1.3.3-1	extra-main	https://steamdeck-packages.steamos.cloud/archlinux-mirror/extra-main/os/x86_64/libmysofa-1.3.3-1-x86_64.pkg.tar.zst	7e8b7f631fccb2338c86e1bb41dfbcf5b7cb4e76fabb808496a9c8656000a868
libnghttp2	1.66.0-1	core-main	https://steamdeck-packages.steamos.cloud/archlinux-mirror/core-main/os/x86_64/libnghttp2-1.66.0-1-x86_64.pkg.tar.zst	90d3fa2ed2eb4c73a4b1c190cc63be68915b4c24b31f1c74dc48863df776c6be
libnghttp3	1.11.0-1	core-main	https://steamdeck-packages.steamos.cloud/archlinux-mirror/core-main/os/x86_64/libnghttp3-1.11.0-1-x86_64.pkg.tar.zst	999020969f1bf6fee2ebf29d3e65bd47ec13b05703ec5fc9202dbb8d773219db
libnsl	2.0.1-1	core-main	https://steamdeck-packages.steamos.cloud/archlinux-mirror/core-main/os/x86_64/libnsl-2.0.1-1-x86_64.pkg.tar.zst	2d9c86e58b6b59e0e3b7dc284d3dc8af6a671f81d13babf076dce6d43de02c52
libnvme	1.15-1	extra-main	https://steamdeck-packages.steamos.cloud/archlinux-mirror/extra-main/os/x86_64/libnvme-1.15-1-x86_64.pkg.tar.zst	f0956a358d9bda57ce52e53256fc1c3d827f6d8a0dfe2c5b1af67142bbe14976
libogg	1.3.6-1	extra-main	https://steamdeck-packages.steamos.cloud/archlinux-mirror/extra-main/os/x86_64/libogg-1.3.6-1-x86_64.pkg.tar.zst	b6d4724c1ed16b4806fa596cd823a2930efeeddeb95f7d8a869644b665a9ba37
libp11-kit	0.25.5-1	core-main	https://steamdeck-packages.steamos.cloud/archlinux-mirror/core-main/os/x86_64/libp11-kit-0.25.5-1-x86_64.pkg.tar.zst	e3e16d93bda4890e19bf480d84f3b3c65c924b78287a3cc3da879721afc3c7a4
libpciaccess	0.18.1-2	extra-main	https://steamdeck-packages.steamos.cloud/archlinux-mirror/extra-main/os/x86_64/libpciaccess-0.18.1-2-x86_64.pkg.tar.zst	3ead7ee0b85d9be6564e806a6bb52aba10a83bbe417661bbbb98fb302a72c8eb
libpipewire	1:1.6.8-1.1	jupiter-main	https://steamdeck-packages.steamos.cloud/archlinux-mirror/jupiter-main/os/x86_64/libpipewire-1:1.6.8-1.1-x86_64.pkg.tar.zst	ca7efab6b17f53eaa511af0e7c2dc6aecda240c37097a92a229b4abe641ce08b
libplasma	6.4.3-1	extra-main	https://steamdeck-packages.steamos.cloud/archlinux-mirror/extra-main/os/x86_64/libplasma-6.4.3-1-x86_64.pkg.tar.zst	43311da7065e5487d22392a3b2d53843482a39e603a953df0be54e947124a71c
libplist	2.7.0-1	extra-main	https://steamdeck-packages.steamos.cloud/archlinux-mirror/extra-main/os/x86_64/libplist-2.7.0-1-x86_64.pkg.tar.zst	07c659fc38e7684a216b38b98b527eaada928231385213f74a82dfc4b59dbd58
libpng	1.6.58-1.1	holo-main	https://steamdeck-packages.steamos.cloud/archlinux-mirror/holo-main/os/x86_64/libpng-1.6.58-1.1-x86_64.pkg.tar.zst	82423d66e1b4bc92addc23cb51a712da5cbc4ce36e18c2a3cdf7bd2b29d828f8
libproxy	0.5.10-1	extra-main	https://steamdeck-packages.steamos.cloud/archlinux-mirror/extra-main/os/x86_64/libproxy-0.5.10-1-x86_64.pkg.tar.zst	0dd150fd17bc38c6063b1447b6c11bce244150616ab2716c7e8b9723c5c32693
libpsl	0.21.5-2	core-main	https://steamdeck-packages.steamos.cloud/archlinux-mirror/core-main/os/x86_64/libpsl-0.21.5-2-x86_64.pkg.tar.zst	e07925c2487bd7deffdd57808b19561e80a4cb25a33e51dbd94efb673bc81944
libpulse	17.0+r43+g3e2bb8a1e-1	extra-main	https://steamdeck-packages.steamos.cloud/archlinux-mirror/extra-main/os/x86_64/libpulse-17.0+r43+g3e2bb8a1e-1-x86_64.pkg.tar.zst	cce88cefb00f43e155f56e578fe3f14be854636d1557c4221e847541c8135a44
libqaccessibilityclient-qt6	0.6.0-1	extra-main	https://steamdeck-packages.steamos.cloud/archlinux-mirror/extra-main/os/x86_64/libqaccessibilityclient-qt6-0.6.0-1-x86_64.pkg.tar.zst	47f90a1d933eb3907b6378e5e940c177a84c0838a5f1b76b9be4f0cfe1a12038
librsvg	2:2.60.0-2	extra-main	https://steamdeck-packages.steamos.cloud/archlinux-mirror/extra-main/os/x86_64/librsvg-2:2.60.0-2-x86_64.pkg.tar.zst	50e158c76479d85e65b91b624059d97961c2a1c18efa0388dfbfb295b2dbd230
libsasl	2.1.28-5	core-main	https://steamdeck-packages.steamos.cloud/archlinux-mirror/core-main/os/x86_64/libsasl-2.1.28-5-x86_64.pkg.tar.zst	113e1676371544e5142a46ee046a6179ace201c4f0a0d56b618a984b5c764463
libseccomp	2.5.6-1	core-main	https://steamdeck-packages.steamos.cloud/archlinux-mirror/core-main/os/x86_64/libseccomp-2.5.6-1-x86_64.pkg.tar.zst	f89a22cfad511093e688db860b5f1ed99038037984020c37ecc6cafd84feda3b
libsecret	0.21.7-1	core-main	https://steamdeck-packages.steamos.cloud/archlinux-mirror/core-main/os/x86_64/libsecret-0.21.7-1-x86_64.pkg.tar.zst	21c96fe82e3a1ed013450a471047f5717a62a5de91212cfb1d69e7302028cc40
libsm	1.2.6-1	extra-main	https://steamdeck-packages.steamos.cloud/archlinux-mirror/extra-main/os/x86_64/libsm-1.2.6-1-x86_64.pkg.tar.zst	ce334b07a9701ba6ef4d610257500f7b035dc1cdc0a658e056d293547cde0976
libsndfile	1.2.2-3	extra-main	https://steamdeck-packages.steamos.cloud/archlinux-mirror/extra-main/os/x86_64/libsndfile-1.2.2-3-x86_64.pkg.tar.zst	404ae335353df6c1e41540ca49bee344cf66fa1e93a72a988c6b347be87e412e
libssh2	1.11.1-4.1	holo-main	https://steamdeck-packages.steamos.cloud/archlinux-mirror/holo-main/os/x86_64/libssh2-1.11.1-4.1-x86_64.pkg.tar.zst	f22ff1304a94e720ed0abc3abee30de3e95c99280ca56983abea53d0f17cdd49
libstemmer	3.0.1-1	extra-main	https://steamdeck-packages.steamos.cloud/archlinux-mirror/extra-main/os/x86_64/libstemmer-3.0.1-1-x86_64.pkg.tar.zst	9af954560324177f88bfb16f6e0ac67b60a245a0f9aa7fed5683be6187439c9a
libsysprof-capture	48.0-5	extra-main	https://steamdeck-packages.steamos.cloud/archlinux-mirror/extra-main/os/x86_64/libsysprof-capture-48.0-5-x86_64.pkg.tar.zst	ecf2146caf23742c90e8b37268948beb9f9c0f23f39b9140e2b3bb2b32f8a7aa
libtasn1	4.20.0-1	core-main	https://steamdeck-packages.steamos.cloud/archlinux-mirror/core-main/os/x86_64/libtasn1-4.20.0-1-x86_64.pkg.tar.zst	f3883e75f33797b241032a2cfa60cb5caa8636914b42f8fb7ea9b2eb23d6f837
libthai	0.1.29-3	extra-main	https://steamdeck-packages.steamos.cloud/archlinux-mirror/extra-main/os/x86_64/libthai-0.1.29-3-x86_64.pkg.tar.zst	40729f2231d3b1829663e451b61edd5163fcadf578e600bb386568a207427058
libtiff	4.7.0-1	extra-main	https://steamdeck-packages.steamos.cloud/archlinux-mirror/extra-main/os/x86_64/libtiff-4.7.0-1-x86_64.pkg.tar.zst	aff14fafcb3565002b52914473f393a5c3e8148f28eeb1c61c7d87d9f717f276
libtirpc	1.3.6-2	core-main	https://steamdeck-packages.steamos.cloud/archlinux-mirror/core-main/os/x86_64/libtirpc-1.3.6-2-x86_64.pkg.tar.zst	4299c29bdad388d3ac001fb7dc41170bc03235c7afc3b11d8639f5c54342f173
libtool	2.5.4+r23+g5b582aed-1	core-main	https://steamdeck-packages.steamos.cloud/archlinux-mirror/core-main/os/x86_64/libtool-2.5.4+r23+g5b582aed-1-x86_64.pkg.tar.zst	cc608c1afd22f3cfc2c76040bc11c326e8988522d52ae265d31a0a5a0cad1105
libunistring	1.3-1	core-main	https://steamdeck-packages.steamos.cloud/archlinux-mirror/core-main/os/x86_64/libunistring-1.3-1-x86_64.pkg.tar.zst	914f6602e4aeefa48fdba88a7432763d088c854844589950fbb5426e44582741
liburing	2.11-1	extra-main	https://steamdeck-packages.steamos.cloud/archlinux-mirror/extra-main/os/x86_64/liburing-2.11-1-x86_64.pkg.tar.zst	02389f6ce7bf52f7fe4fa489d4fa8ae3ac9780a4db86a91b791f2e710c82ea3f
libusb	1.0.29-1	core-main	https://steamdeck-packages.steamos.cloud/archlinux-mirror/core-main/os/x86_64/libusb-1.0.29-1-x86_64.pkg.tar.zst	ef0844b8fc38bd14f81a8a08457a8903c226a31f29a26df8ee4cd1d61ded4650
libusbmuxd	2.1.1-1	extra-main	https://steamdeck-packages.steamos.cloud/archlinux-mirror/extra-main/os/x86_64/libusbmuxd-2.1.1-1-x86_64.pkg.tar.zst	6a195a656e076715aa3f956d2e2d457dd7c9c874c093ae42f351c11dc916477a
libuv	1.51.0-1	extra-main	https://steamdeck-packages.steamos.cloud/archlinux-mirror/extra-main/os/x86_64/libuv-1.51.0-1-x86_64.pkg.tar.zst	4a4e992621b881a221becb6b9669bb4092ffebec8d87bd90f235866356cc5c35
libverto	0.3.2-5	core-main	https://steamdeck-packages.steamos.cloud/archlinux-mirror/core-main/os/x86_64/libverto-0.3.2-5-x86_64.pkg.tar.zst	1bbd5c0a3c21d7c48af1f1da687f65871c915e5fbbed50b2f02e6164fb0033cd
libvorbis	1.3.7-4	extra-main	https://steamdeck-packages.steamos.cloud/archlinux-mirror/extra-main/os/x86_64/libvorbis-1.3.7-4-x86_64.pkg.tar.zst	3aea2a31212fe7aa9f3d8922e8f71c2608d6260e8af0b7c1b5da790786763089
libwacom	2.16.1-1	extra-main	https://steamdeck-packages.steamos.cloud/archlinux-mirror/extra-main/os/x86_64/libwacom-2.16.1-1-x86_64.pkg.tar.zst	4d01fc64b0270adff46652984fb04039a0869d2ad29fc3ff5ac8e113c4fb0d0f
libwireplumber	0.5.14-1.7	jupiter-main	https://steamdeck-packages.steamos.cloud/archlinux-mirror/jupiter-main/os/x86_64/libwireplumber-0.5.14-1.7-x86_64.pkg.tar.zst	3e46d80076dff28b04fe8931c3ae87d51a9326cfff39180d71885330fd8ce79f
libx11	1.8.12-1	extra-main	https://steamdeck-packages.steamos.cloud/archlinux-mirror/extra-main/os/x86_64/libx11-1.8.12-1-x86_64.pkg.tar.zst	8fbb5cb33aceafc97d1726c0697626a37b1934b4e43d423785c81cb31daec4d7
libxau	1.0.12-1	extra-main	https://steamdeck-packages.steamos.cloud/archlinux-mirror/extra-main/os/x86_64/libxau-1.0.12-1-x86_64.pkg.tar.zst	605c8b059c36792f4e0cc235acadf39d0762df6c7878825a1be01a00ae7ea21e
libxcb	1.17.0-1	extra-main	https://steamdeck-packages.steamos.cloud/archlinux-mirror/extra-main/os/x86_64/libxcb-1.17.0-1-x86_64.pkg.tar.zst	2b2e7ac64b1d56c08a227c10bcab179605f2773f31db0a8c89f49f4e5b2f1292
libxcrypt	4.4.38-1	core-main	https://steamdeck-packages.steamos.cloud/archlinux-mirror/core-main/os/x86_64/libxcrypt-4.4.38-1-x86_64.pkg.tar.zst	f32f4586778c9df447dc462aa75151935b4d5794fdd8abfec07f4a4bbdafe13c
libxcvt	0.1.3-1	extra-main	https://steamdeck-packages.steamos.cloud/archlinux-mirror/extra-main/os/x86_64/libxcvt-0.1.3-1-x86_64.pkg.tar.zst	0e402123056ca36d3462ea830d8b18275f8c3d30167b5cda9b8e690f58e53003
libxdmcp	1.1.5-1	extra-main	https://steamdeck-packages.steamos.cloud/archlinux-mirror/extra-main/os/x86_64/libxdmcp-1.1.5-1-x86_64.pkg.tar.zst	1c4b370157e4b092334fa5404508c52a8214c072b1ab6e1dc8d3f6eea6db2b0b
libxext	1.3.6-1	extra-main	https://steamdeck-packages.steamos.cloud/archlinux-mirror/extra-main/os/x86_64/libxext-1.3.6-1-x86_64.pkg.tar.zst	a6e51c38f10bf22728091c71fac64c3e02ccb37b847dd953773d23d4657560a3
libxfixes	6.0.1-2	extra-main	https://steamdeck-packages.steamos.cloud/archlinux-mirror/extra-main/os/x86_64/libxfixes-6.0.1-2-x86_64.pkg.tar.zst	59ee4926edc79a6e7feb0f79d80e1a1a74108cd1e47328a28521fab23a2ecb83
libxft	2.3.9-1	extra-main	https://steamdeck-packages.steamos.cloud/archlinux-mirror/extra-main/os/x86_64/libxft-2.3.9-1-x86_64.pkg.tar.zst	a7841ed8e67dc3f94eca4672c8961329dfdd6b67836f8ac720a246d3aab02ecb
libxi	1.8.2-1	extra-main	https://steamdeck-packages.steamos.cloud/archlinux-mirror/extra-main/os/x86_64/libxi-1.8.2-1-x86_64.pkg.tar.zst	7d56bf8dcc4a544a838e6d90504df8e3927176224dc07f9550153e57d07bb3f4
libxkbcommon	1.10.0-1	extra-main	https://steamdeck-packages.steamos.cloud/archlinux-mirror/extra-main/os/x86_64/libxkbcommon-1.10.0-1-x86_64.pkg.tar.zst	fd6d107fa8068a9bc07a78fb30fff618c25fd6c14a9aad10034d20fb1f23af21
libxkbcommon-x11	1.10.0-1	extra-main	https://steamdeck-packages.steamos.cloud/archlinux-mirror/extra-main/os/x86_64/libxkbcommon-x11-1.10.0-1-x86_64.pkg.tar.zst	0a85bb288f241e10c8fc0ef93f41a1a162faa1b6a6b8b15f58c41dab3a026bfa
libxml2	2.14.5-1.1	holo-main	https://steamdeck-packages.steamos.cloud/archlinux-mirror/holo-main/os/x86_64/libxml2-2.14.5-1.1-x86_64.pkg.tar.zst	94f7e35ec7891ac024d2d6d3e7cc706916f507f246ba59e570ad17b84763762f
libxmlb	0.3.22-1	extra-main	https://steamdeck-packages.steamos.cloud/archlinux-mirror/extra-main/os/x86_64/libxmlb-0.3.22-1-x86_64.pkg.tar.zst	50fa2d28f4f6beb66639d0fa6ba13e639383d55be387f95381e6a736dfd80c65
libxmu	1.2.1-1	extra-main	https://steamdeck-packages.steamos.cloud/archlinux-mirror/extra-main/os/x86_64/libxmu-1.2.1-1-x86_64.pkg.tar.zst	422356f9090f8a2fb1f29fa15101baf5a63bc4efe39a16ab4c72aad5c8e10a00
libxrender	0.9.12-1	extra-main	https://steamdeck-packages.steamos.cloud/archlinux-mirror/extra-main/os/x86_64/libxrender-0.9.12-1-x86_64.pkg.tar.zst	fed0389073d5b107074eaab48cefcc2716e607865142cde5b579c8ceeefea142
libxshmfence	1.3.3-1	extra-main	https://steamdeck-packages.steamos.cloud/archlinux-mirror/extra-main/os/x86_64/libxshmfence-1.3.3-1-x86_64.pkg.tar.zst	39d0f128e4efc393fcd3b42f20046ec0e854341b601f14b457d67add86036d13
libxslt	1.1.43-2	extra-main	https://steamdeck-packages.steamos.cloud/archlinux-mirror/extra-main/os/x86_64/libxslt-1.1.43-2-x86_64.pkg.tar.zst	fcc9cba0602bb5f72033f523ab6c5e82735dea4d32329b6fc58d44edf4657f95
libxt	1.3.1-1	extra-main	https://steamdeck-packages.steamos.cloud/archlinux-mirror/extra-main/os/x86_64/libxt-1.3.1-1-x86_64.pkg.tar.zst	5d4ee1f73c946cdd9b908b127157d6d826d198be982c91e199daf6bdd7f6b9ec
libxxf86vm	1.1.6-1	extra-main	https://steamdeck-packages.steamos.cloud/archlinux-mirror/extra-main/os/x86_64/libxxf86vm-1.1.6-1-x86_64.pkg.tar.zst	fc7a7f6875186a23a77ebf431ad224217977fee353d85633b28fb6f0dc4dcf94
libyaml	0.2.5-3	extra-main	https://steamdeck-packages.steamos.cloud/archlinux-mirror/extra-main/os/x86_64/libyaml-0.2.5-3-x86_64.pkg.tar.zst	cd2385982a050dfce2ef0ac435b36e9574ece347bdf4ad016ee5ea78e30b4940
licenses	20240728-1	core-main	https://steamdeck-packages.steamos.cloud/archlinux-mirror/core-main/os/x86_64/licenses-20240728-1-any.pkg.tar.zst	47e9f4ad914da21f6326cc4eb84a788043523191f80d8e661b936b25d7fa1879
lilv	0.24.26-1	extra-main	https://steamdeck-packages.steamos.cloud/archlinux-mirror/extra-main/os/x86_64/lilv-0.24.26-1-x86_64.pkg.tar.zst	cd2ccd3f18acf1559ddaaa710754e59b50a3afd90bf60c2f43d16c204130edb7
linux-api-headers	6.15-1	core-main	https://steamdeck-packages.steamos.cloud/archlinux-mirror/core-main/os/x86_64/linux-api-headers-6.15-1-x86_64.pkg.tar.zst	b5cdf41804e8e9929e84dbe45ba212abafa70f36374cff88b931d79d373d3efd
llvm-libs	20.1.8-1	extra-main	https://steamdeck-packages.steamos.cloud/archlinux-mirror/extra-main/os/x86_64/llvm-libs-20.1.8-1-x86_64.pkg.tar.zst	710e552406edbc6badab91a2ce47bb12a6c3ebf85758448d953211be7d610486
lm_sensors	1:3.6.2-1	extra-main	https://steamdeck-packages.steamos.cloud/archlinux-mirror/extra-main/os/x86_64/lm_sensors-1:3.6.2-1-x86_64.pkg.tar.zst	5363304255a506cf71e1ed4f0464166e5f2aad6f0ae444fe08cafd8c83bf11ff
lmdb	0.9.33-1	extra-main	https://steamdeck-packages.steamos.cloud/archlinux-mirror/extra-main/os/x86_64/lmdb-0.9.33-1-x86_64.pkg.tar.zst	307d61635bd36a80e0d2056b968ab7bde045ef3674d2f9518fc53798a9ef2e40
lua	5.4.8-2	extra-main	https://steamdeck-packages.steamos.cloud/archlinux-mirror/extra-main/os/x86_64/lua-5.4.8-2-x86_64.pkg.tar.zst	ae687129437b412be66e64cfddaff3093354a92412a78955ba6d3ece43c08bef
lv2	1.18.10-1	extra-main	https://steamdeck-packages.steamos.cloud/archlinux-mirror/extra-main/os/x86_64/lv2-1.18.10-1-x86_64.pkg.tar.zst	3af76e589f8d7adf02c2ecbf2bbb12c4330017891f44cd893aeef2add575f66e
lz4	1:1.10.0-2	core-main	https://steamdeck-packages.steamos.cloud/archlinux-mirror/core-main/os/x86_64/lz4-1:1.10.0-2-x86_64.pkg.tar.zst	c6200c776440678fe8c26adae6c104194b425d9393a9e3fc09f934363f0c39a6
lzo	2.10-5	core-main	https://steamdeck-packages.steamos.cloud/archlinux-mirror/core-main/os/x86_64/lzo-2.10-5-x86_64.pkg.tar.zst	dd5ec871aea5ddfd38d4a25539e966dc05e75d6969ebc31917c8d25b97ccd69e
m4	1.4.20-1	core-main	https://steamdeck-packages.steamos.cloud/archlinux-mirror/core-main/os/x86_64/m4-1.4.20-1-x86_64.pkg.tar.zst	f167fcea6d3680c811ab740913061025c96f75ac1d8cf2dabcac11ccf7262532
make	4.4.1-2	core-main	https://steamdeck-packages.steamos.cloud/archlinux-mirror/core-main/os/x86_64/make-4.4.1-2-x86_64.pkg.tar.zst	7c1bc0d882f7c8d1bcb305eb7efaabc19ed6afa5a9a443575fa0d5ed57985535
md4c	0.5.2-1	extra-main	https://steamdeck-packages.steamos.cloud/archlinux-mirror/extra-main/os/x86_64/md4c-0.5.2-1-x86_64.pkg.tar.zst	89af0e6ec298db71856a486132de946f1fff893609199f80039d34a22cc700ae
mdadm	4.4-1	core-main	https://steamdeck-packages.steamos.cloud/archlinux-mirror/core-main/os/x86_64/mdadm-4.4-1-x86_64.pkg.tar.zst	2e9d9906f11d6de49ae335bc6f250b63aba7f8008fd076cf6fea39fd8e6efbc7
media-player-info	26-1	extra-main	https://steamdeck-packages.steamos.cloud/archlinux-mirror/extra-main/os/x86_64/media-player-info-26-1-any.pkg.tar.zst	6493bd3752fa01a9a360f0e213b4414c20d6f38c4e9039e047961bf677477549
mesa	26.1.2.221562.radeonsi_26.1.2-1	jupiter-main	https://steamdeck-packages.steamos.cloud/archlinux-mirror/jupiter-main/os/x86_64/mesa-26.1.2.221562.radeonsi_26.1.2-1-x86_64.pkg.tar.zst	b30fbd5e52b34d4f13dac6e77c163213aedf62eada8d5d777c30e6cddfec67e9
mpdecimal	4.0.1-1	core-main	https://steamdeck-packages.steamos.cloud/archlinux-mirror/core-main/os/x86_64/mpdecimal-4.0.1-1-x86_64.pkg.tar.zst	9b33722a73a406f029945537454e03afbc3ff6223b33cd3b5b8c1b98b054df32
mpfr	4.2.2-1	core-main	https://steamdeck-packages.steamos.cloud/archlinux-mirror/core-main/os/x86_64/mpfr-4.2.2-1-x86_64.pkg.tar.zst	e765082b2c3260550887ccf34f6f0d24289fc5ca8c0949eb5c2e9937272ea80f
mpg123	1.33.1-1	extra-main	https://steamdeck-packages.steamos.cloud/archlinux-mirror/extra-main/os/x86_64/mpg123-1.33.1-1-x86_64.pkg.tar.zst	46094587156c6795465e7a15b2e5944e9bff25528e914346a53fecc80d6a1a71
mtdev	1.1.7-1	extra-main	https://steamdeck-packages.steamos.cloud/archlinux-mirror/extra-main/os/x86_64/mtdev-1.1.7-1-x86_64.pkg.tar.zst	f04b23715273930002a0133ebd0f48ad4374b9e3ec9484a500a33b6aee478443
namcap	3.5.2-3	extra-main	https://steamdeck-packages.steamos.cloud/archlinux-mirror/extra-main/os/x86_64/namcap-3.5.2-3-any.pkg.tar.zst	a236ea269724927baddafec082363d2568580c51ef7a6a4194d2bf19c8defa41
ncurses	6.5-4	core-main	https://steamdeck-packages.steamos.cloud/archlinux-mirror/core-main/os/x86_64/ncurses-6.5-4-x86_64.pkg.tar.zst	2d06710b287264cbf2e27fdd25f99fb080b2e8ecff53302af965435c0b83ec6a
nettle	3.10.2-1	core-main	https://steamdeck-packages.steamos.cloud/archlinux-mirror/core-main/os/x86_64/nettle-3.10.2-1-x86_64.pkg.tar.zst	fa1a132d0d9cd8c58d90605e2b64b63503e89f398912a653ed05abd0f2dd0a3e
ninja	1.12.1-2	extra-main	https://steamdeck-packages.steamos.cloud/archlinux-mirror/extra-main/os/x86_64/ninja-1.12.1-2-x86_64.pkg.tar.zst	57340cd67e14f3f6b087c3cf7d9753520517f6c52f30eb5e7eafeb5d54154ca5
noisetorch	0.12.2.r47.g6d895f3-2	holo-main	https://steamdeck-packages.steamos.cloud/archlinux-mirror/holo-main/os/x86_64/noisetorch-0.12.2.r47.g6d895f3-2-x86_64.pkg.tar.zst	d8c6296bfc5973b62d813e7c629b72afb62bf978b83664d7a49be0768e0cde4d
npth	1.8-1	core-main	https://steamdeck-packages.steamos.cloud/archlinux-mirror/core-main/os/x86_64/npth-1.8-1-x86_64.pkg.tar.zst	2f045edab9f7fd2c04667c5ba7f70c47da7b6fcfe87a99a857ab7ef5a12f39b4
nspr	4.37-1	core-main	https://steamdeck-packages.steamos.cloud/archlinux-mirror/core-main/os/x86_64/nspr-4.37-1-x86_64.pkg.tar.zst	a543396caec7fd28e9fcc3d95109d8aa5ffb6611996fba2561b7436bd2cbcad3
nss	3.114-1	core-main	https://steamdeck-packages.steamos.cloud/archlinux-mirror/core-main/os/x86_64/nss-3.114-1-x86_64.pkg.tar.zst	f53afbdc2b43737e5189138039dbb13410afc9feba1b23a7fcb7c394cc55b729
openssl	3.5.7-1.1	holo-main	https://steamdeck-packages.steamos.cloud/archlinux-mirror/holo-main/os/x86_64/openssl-3.5.7-1.1-x86_64.pkg.tar.zst	417d9e2c63d2873d376f25ae5500dc1491120af34477b2d6d4a3bd931cffedd0
opus	1.5.2-1	extra-main	https://steamdeck-packages.steamos.cloud/archlinux-mirror/extra-main/os/x86_64/opus-1.5.2-1-x86_64.pkg.tar.zst	e22bebd35268e6a72feadccf2258bdcd87992b77d08056e6a3d4583ca7814c46
p11-kit	0.25.5-1	core-main	https://steamdeck-packages.steamos.cloud/archlinux-mirror/core-main/os/x86_64/p11-kit-0.25.5-1-x86_64.pkg.tar.zst	fddfcb0eede8619d1185f9834426c27db68407fa5fb2eabd4cba360116fa536b
pacman	7.0.0.r6.gc685ae6-6	core-main	https://steamdeck-packages.steamos.cloud/archlinux-mirror/core-main/os/x86_64/pacman-7.0.0.r6.gc685ae6-6-x86_64.pkg.tar.zst	72af040fa6c2badb66f89d42bcb4854d03eb72c73d2baa3c315ddf2956638b18
pacman-mirrorlist	20250702-2	core-main	https://steamdeck-packages.steamos.cloud/archlinux-mirror/core-main/os/x86_64/pacman-mirrorlist-20250702-2-any.pkg.tar.zst	40f39210e61a7c5d6d0d7456a6f5b0938a24103ccfd42f30feea290dc5a2e2a3
pam	1.7.1-1	core-main	https://steamdeck-packages.steamos.cloud/archlinux-mirror/core-main/os/x86_64/pam-1.7.1-1-x86_64.pkg.tar.zst	f652af4f2d88552f66a022b278615a3daa1cefd8706dcbbcba9fc00bfc9c9d3b
pambase	20250719-1	core-main	https://steamdeck-packages.steamos.cloud/archlinux-mirror/core-main/os/x86_64/pambase-20250719-1-any.pkg.tar.zst	30c95795caf0c17f98897f96e96a03c6999f2682c160c13a0d6e82d768938c22
pango	1:1.56.4-1	extra-main	https://steamdeck-packages.steamos.cloud/archlinux-mirror/extra-main/os/x86_64/pango-1:1.56.4-1-x86_64.pkg.tar.zst	aad7e42a5dc72ba86c454ddbaccd1d0d0a1012c6d8ebd7078c8b9c9b6e0bfc41
parted	3.6-2	extra-main	https://steamdeck-packages.steamos.cloud/archlinux-mirror/extra-main/os/x86_64/parted-3.6-2-x86_64.pkg.tar.zst	4dd5e992ea907739fd1b61fd664e0958ec3de1af0ebd03e59be33985ba6975a2
patch	2.8-1	core-main	https://steamdeck-packages.steamos.cloud/archlinux-mirror/core-main/os/x86_64/patch-2.8-1-x86_64.pkg.tar.zst	b4685fc56dfc18afb754f64099b82396885fefe43e82f20b37477650f642303c
pcre2	10.47-1.1	holo-main	https://steamdeck-packages.steamos.cloud/archlinux-mirror/holo-main/os/x86_64/pcre2-10.47-1.1-x86_64.pkg.tar.zst	ef1c69885c6edd0cf2ba09a94529815ff012e4ed0fd9ff69293fd90e6a04123c
perl	5.42.0-1	core-main	https://steamdeck-packages.steamos.cloud/archlinux-mirror/core-main/os/x86_64/perl-5.42.0-1-x86_64.pkg.tar.zst	deeb19367d70758fe9b9222321e6b753ffb918b252a7ced7807d40e886226c35
pinentry	1.3.1-5	core-main	https://steamdeck-packages.steamos.cloud/archlinux-mirror/core-main/os/x86_64/pinentry-1.3.1-5-x86_64.pkg.tar.zst	8c4269909f4a423388c5f7a1145b8fecf989e3f88f5bb364af73aeb25da34706
pipewire	1:1.6.8-1.1	jupiter-main	https://steamdeck-packages.steamos.cloud/archlinux-mirror/jupiter-main/os/x86_64/pipewire-1:1.6.8-1.1-x86_64.pkg.tar.zst	b045c38c5adb8eac2090312d973e96dd826e27af13e1f20118f751aae88919df
pipewire-audio	1:1.6.8-1.1	jupiter-main	https://steamdeck-packages.steamos.cloud/archlinux-mirror/jupiter-main/os/x86_64/pipewire-audio-1:1.6.8-1.1-x86_64.pkg.tar.zst	c8e81d8acadd55695aabab1e90ad6e3990606c9816036cd68541c1a33dd0cdd6
pipewire-session-manager	1:1.6.8-1.1	jupiter-main	https://steamdeck-packages.steamos.cloud/archlinux-mirror/jupiter-main/os/x86_64/pipewire-session-manager-1:1.6.8-1.1-x86_64.pkg.tar.zst	15c1fead0c047f04b3efa99c15fcd78d927a61498b22e8815175ecba7ede2961
pixman	0.46.4-1	extra-main	https://steamdeck-packages.steamos.cloud/archlinux-mirror/extra-main/os/x86_64/pixman-0.46.4-1-x86_64.pkg.tar.zst	e87e665d25a2230a178d8490202e1d677fde5908f68ebedf7d987308fc26fcb6
pkgconf	2.5.1-1	core-main	https://steamdeck-packages.steamos.cloud/archlinux-mirror/core-main/os/x86_64/pkgconf-2.5.1-1-x86_64.pkg.tar.zst	8c56b6f08ea227881a6cad0d42b039175108923fb002957a4e5e09ace4d931fc
plasma-activities	6.4.3-1	extra-main	https://steamdeck-packages.steamos.cloud/archlinux-mirror/extra-main/os/x86_64/plasma-activities-6.4.3-1-x86_64.pkg.tar.zst	584474dfa38c9d2f06aa135a63e2115c51d55b8d98a1775afff2124684e5aa60
polkit	126-2	extra-main	https://steamdeck-packages.steamos.cloud/archlinux-mirror/extra-main/os/x86_64/polkit-126-2-x86_64.pkg.tar.zst	95b52733e857861630ac3b0aef9e777e3ef43dca92ceb9735b7ee46b2b3231ee
polkit-qt6	0.200.0-1	extra-main	https://steamdeck-packages.steamos.cloud/archlinux-mirror/extra-main/os/x86_64/polkit-qt6-0.200.0-1-x86_64.pkg.tar.zst	b3b8225a70c753a99f726310c5a59bd290f772d4af3375bd69dbd85d14767793
popt	1.19-2	core-main	https://steamdeck-packages.steamos.cloud/archlinux-mirror/core-main/os/x86_64/popt-1.19-2-x86_64.pkg.tar.zst	877635962b604efa79409c3d423f4fdffc4868776af3e0e804cc94a0b57ca151
pyalpm	0.10.12-1	extra-main	https://steamdeck-packages.steamos.cloud/archlinux-mirror/extra-main/os/x86_64/pyalpm-0.10.12-1-x86_64.pkg.tar.zst	73d03146351331e84699c400396dcf27e44ada9c71191afc275f0fc51949e781
python	3.13.5-1	core-main	https://steamdeck-packages.steamos.cloud/archlinux-mirror/core-main/os/x86_64/python-3.13.5-1-x86_64.pkg.tar.zst	2792d4ef192139231216b5d84057e96e11255213b26d97596336d36e67bd3647
python-boolean.py	5.0-1	extra-main	https://steamdeck-packages.steamos.cloud/archlinux-mirror/extra-main/os/x86_64/python-boolean.py-5.0-1-any.pkg.tar.zst	ffd98b596b039ce47cbd8a51d3919cd4d3dfcd25ca69b668976e6292b4726769
python-license-expression	30.4.1-1	extra-main	https://steamdeck-packages.steamos.cloud/archlinux-mirror/extra-main/os/x86_64/python-license-expression-30.4.1-1-any.pkg.tar.zst	5ef06ea48283620b31d7e3626720e4d775a2955afddb1494470618f7416c948a
python-pyelftools	0.32-1	extra-main	https://steamdeck-packages.steamos.cloud/archlinux-mirror/extra-main/os/x86_64/python-pyelftools-0.32-1-any.pkg.tar.zst	2d307f0d6e8375910c51287978bc3a44b72c0d0bc8a9b154d78d064e7894374d
qca-qt6	2.3.10-2	extra-main	https://steamdeck-packages.steamos.cloud/archlinux-mirror/extra-main/os/x86_64/qca-qt6-2.3.10-2-x86_64.pkg.tar.zst	04aac120f13f62f6c2bf4f2ac36ce5e2bc6f173cd4c84946ce4c0e06f6467ad3
qt6-5compat	6.9.1-1	extra-main	https://steamdeck-packages.steamos.cloud/archlinux-mirror/extra-main/os/x86_64/qt6-5compat-6.9.1-1-x86_64.pkg.tar.zst	d98c96c368e86074acc2a4f35118791004c274a6f7c55b3ae3989d30005f78e8
qt6-base	6.9.1-5	extra-main	https://steamdeck-packages.steamos.cloud/archlinux-mirror/extra-main/os/x86_64/qt6-base-6.9.1-5-x86_64.pkg.tar.zst	3a3c418aac46ab2f661b4748894c2e6aab21357378a502c3138b53cfed0e8580
qt6-declarative	6.9.1-2	extra-main	https://steamdeck-packages.steamos.cloud/archlinux-mirror/extra-main/os/x86_64/qt6-declarative-6.9.1-2-x86_64.pkg.tar.zst	ecbd22fcc75e6fed548f90c5775de27249ed3a304b0ef3acf8e1fee3a5173749
qt6-sensors	6.9.1-1	extra-main	https://steamdeck-packages.steamos.cloud/archlinux-mirror/extra-main/os/x86_64/qt6-sensors-6.9.1-1-x86_64.pkg.tar.zst	fd9bfb589e0b0555642b156def9c1fdac5d8a5d1de204e0b083704d91a06517e
qt6-shadertools	6.9.1-1	extra-main	https://steamdeck-packages.steamos.cloud/archlinux-mirror/extra-main/os/x86_64/qt6-shadertools-6.9.1-1-x86_64.pkg.tar.zst	800e2e393200d77636935b364d7c96704d5f3d53f2d7289afcecd6b0c0ead3b7
qt6-svg	6.9.1-1	extra-main	https://steamdeck-packages.steamos.cloud/archlinux-mirror/extra-main/os/x86_64/qt6-svg-6.9.1-1-x86_64.pkg.tar.zst	bf92e58f3ec2cec91c89da7bf802165d3a303dff0bd227ed97221d13b6204a74
qt6-tools	6.9.1-2	extra-main	https://steamdeck-packages.steamos.cloud/archlinux-mirror/extra-main/os/x86_64/qt6-tools-6.9.1-2-x86_64.pkg.tar.zst	f46a81c77c6d67ee62d50ef6a0b325b1d965a520f0295d3417df313e1aef7dcd
qt6-translations	6.9.1-1	extra-main	https://steamdeck-packages.steamos.cloud/archlinux-mirror/extra-main/os/x86_64/qt6-translations-6.9.1-1-any.pkg.tar.zst	7e14414e9a0a613ab69b8677c1d0dacb638c099656d98ec530a16ea4459c50ff
qt6-wayland	6.9.1-1	extra-main	https://steamdeck-packages.steamos.cloud/archlinux-mirror/extra-main/os/x86_64/qt6-wayland-6.9.1-1-x86_64.pkg.tar.zst	28e0917c8e4293e739ac4a72899760704542eaabd31012f6102f0b759d7c1409
readline	8.3.001-1	core-main	https://steamdeck-packages.steamos.cloud/archlinux-mirror/core-main/os/x86_64/readline-8.3.001-1-x86_64.pkg.tar.zst	5958033074112e4366fbcef6a4407f6986f62b4819448417d3887021032ca018
rhash	1.4.4-1	extra-main	https://steamdeck-packages.steamos.cloud/archlinux-mirror/extra-main/os/x86_64/rhash-1.4.4-1-x86_64.pkg.tar.zst	6a5047515b12a123e374b4546e943bb6cd701b6fc471a8948388d0d2c5f226d4
sbc	2.0-2	extra-main	https://steamdeck-packages.steamos.cloud/archlinux-mirror/extra-main/os/x86_64/sbc-2.0-2-x86_64.pkg.tar.zst	dc228fd6eadc9887802b082e3efab3eec4f030ada7dafef61e6b1ecfb04f09df
sed	4.9-3	core-main	https://steamdeck-packages.steamos.cloud/archlinux-mirror/core-main/os/x86_64/sed-4.9-3-x86_64.pkg.tar.zst	621d90717db72d5391df62be7dc70714eb0f07d324d030f3621907b6f2b31d58
serd	0.32.4-1	extra-main	https://steamdeck-packages.steamos.cloud/archlinux-mirror/extra-main/os/x86_64/serd-0.32.4-1-x86_64.pkg.tar.zst	c39566cd9a0f24da0df2650539dfed952848f6d59646ed7ca7dbe9d2d9cb43ed
shadow	4.18.0-1	core-main	https://steamdeck-packages.steamos.cloud/archlinux-mirror/core-main/os/x86_64/shadow-4.18.0-1-x86_64.pkg.tar.zst	4aaee1e60d263afa755504bc35a28c785a54cdb0f9c0fa33b559642f7a2f49b4
shared-mime-info	2.4-2	extra-main	https://steamdeck-packages.steamos.cloud/archlinux-mirror/extra-main/os/x86_64/shared-mime-info-2.4-2-x86_64.pkg.tar.zst	2b2ad714825c650e99d8de54715cb308844eb91e82063db18f6256ab35bffc84
solid	6.16.0-1	extra-main	https://steamdeck-packages.steamos.cloud/archlinux-mirror/extra-main/os/x86_64/solid-6.16.0-1-x86_64.pkg.tar.zst	372b434623b4df70e9748c14e4d638d651e101fede3fe1a6b0da3b014ebf51ae
sord	0.16.18-1	extra-main	https://steamdeck-packages.steamos.cloud/archlinux-mirror/extra-main/os/x86_64/sord-0.16.18-1-x86_64.pkg.tar.zst	74be9e631abc544a7acf0913a3ab86e9b43c2d5e080a675a1be6a4f529105690
sound-theme-freedesktop	0.8-6	extra-main	https://steamdeck-packages.steamos.cloud/archlinux-mirror/extra-main/os/x86_64/sound-theme-freedesktop-0.8-6-any.pkg.tar.zst	266d5198ed35ed265f7e64cb014b48bd1e5a9eda1defcce817cce200ffaa6c19
spandsp	0.0.6-5	extra-main	https://steamdeck-packages.steamos.cloud/archlinux-mirror/extra-main/os/x86_64/spandsp-0.0.6-5-x86_64.pkg.tar.zst	e4f186a6f4939d2e7c905cb6412a57cc8b0a5357d309bf1c925a34f405fb0972
spirv-tools	1:1.4.321.0-1	extra-main	https://steamdeck-packages.steamos.cloud/archlinux-mirror/extra-main/os/x86_64/spirv-tools-1:1.4.321.0-1-x86_64.pkg.tar.zst	2dd84adaf9f799adaf429180438bd59ee99d26a1b37bb4869f454a03f0b78bb1
sqlite	3.50.3-1	core-main	https://steamdeck-packages.steamos.cloud/archlinux-mirror/core-main/os/x86_64/sqlite-3.50.3-1-x86_64.pkg.tar.zst	d17eead32978952ff6f62b96873697028fa5e49230516467ad52c82bba547265
sratom	0.6.18-1	extra-main	https://steamdeck-packages.steamos.cloud/archlinux-mirror/extra-main/os/x86_64/sratom-0.6.18-1-x86_64.pkg.tar.zst	21d02839ccbf78036574ab31149639fd0c16bde5b90a7adf93764793c8159e14
steamdeck-dsp	0.99-1	jupiter-main	https://steamdeck-packages.steamos.cloud/archlinux-mirror/jupiter-main/os/x86_64/steamdeck-dsp-0.99-1-any.pkg.tar.zst	f20ecfafdfa06a03f2a4e58235d7224003662492f66565dd95afcd5a0ef5e8bd
sudo	1.9.17.p1-1	core-main	https://steamdeck-packages.steamos.cloud/archlinux-mirror/core-main/os/x86_64/sudo-1.9.17.p1-1-x86_64.pkg.tar.zst	d1b0d535100fed42c9b3bf57e1b3565b0d3ca166c2d6e93e32230ee0776b72ae
syndication	6.16.0-1	extra-main	https://steamdeck-packages.steamos.cloud/archlinux-mirror/extra-main/os/x86_64/syndication-6.16.0-1-x86_64.pkg.tar.zst	fb7a689612261e391f301fab91a6c35098324033d7e63f880ebeb23447753ec1
systemd	257.7-2.7	holo-main	https://steamdeck-packages.steamos.cloud/archlinux-mirror/holo-main/os/x86_64/systemd-257.7-2.7-x86_64.pkg.tar.zst	942ee718c3e159b74a2b0cf22c27c8aa3001b5c40077120a1f3d171a8c64f0e5
systemd-libs	257.7-2.7	holo-main	https://steamdeck-packages.steamos.cloud/archlinux-mirror/holo-main/os/x86_64/systemd-libs-257.7-2.7-x86_64.pkg.tar.zst	34c827dfefec2553c72301e815b86d28c6adae0ba2502b186a448513f9949826
tar	1.35-2	core-main	https://steamdeck-packages.steamos.cloud/archlinux-mirror/core-main/os/x86_64/tar-1.35-2-x86_64.pkg.tar.zst	76d2aa4c56ee9a70f71246bde8b7fd3e0405c524c9a572d7e64b6431f72de2b6
tdb	1.4.13-1	extra-main	https://steamdeck-packages.steamos.cloud/archlinux-mirror/extra-main/os/x86_64/tdb-1.4.13-1-x86_64.pkg.tar.zst	078824a90f03ce6eea451fabb69908f8cebebdcdc15231e33e107905dbfcc43e
texinfo	7.2-1	core-main	https://steamdeck-packages.steamos.cloud/archlinux-mirror/core-main/os/x86_64/texinfo-7.2-1-x86_64.pkg.tar.zst	1d15037be4d484961356cb755745e29dcbc86dc35e3a6c78eea568b808a63051
tpm2-tss	4.1.3-1	core-main	https://steamdeck-packages.steamos.cloud/archlinux-mirror/core-main/os/x86_64/tpm2-tss-4.1.3-1-x86_64.pkg.tar.zst	b1098a8ecc8886023c466827ea057861ea53ef4dc36a2142afee8b85fdf27c3c
tslib	1.23-1	extra-main	https://steamdeck-packages.steamos.cloud/archlinux-mirror/extra-main/os/x86_64/tslib-1.23-1-x86_64.pkg.tar.zst	7fd4b80e099e176e3f248899a75660f66be823e502ce31a6e130cd142c441a0c
tzdata	2025b-1	core-main	https://steamdeck-packages.steamos.cloud/archlinux-mirror/core-main/os/x86_64/tzdata-2025b-1-x86_64.pkg.tar.zst	9598e6e3da4a4269f3747a9e5d49ab7977c4dafe969bdcdaa8632845ebc960cc
udisks2	2.10.1-6.1	holo-main	https://steamdeck-packages.steamos.cloud/archlinux-mirror/holo-main/os/x86_64/udisks2-2.10.1-6.1-x86_64.pkg.tar.zst	97b46f738979e423a5e5c29291e76cf191022ccf4272b8e42eee07f332d94080
upower	1.90.10-1.1	jupiter-main	https://steamdeck-packages.steamos.cloud/archlinux-mirror/jupiter-main/os/x86_64/upower-1.90.10-1.1-x86_64.pkg.tar.zst	cbc986d1161a02379e7c81e28e6a34daee931d722154a39e175f3ccf5c0d8aa2
util-linux	2.41.1-1	core-main	https://steamdeck-packages.steamos.cloud/archlinux-mirror/core-main/os/x86_64/util-linux-2.41.1-1-x86_64.pkg.tar.zst	df353b0be4f41085fb236a3fbc0325d0255b31ac7af0309a7ae3c52d9e24a107
util-linux-libs	2.41.1-1	core-main	https://steamdeck-packages.steamos.cloud/archlinux-mirror/core-main/os/x86_64/util-linux-libs-2.41.1-1-x86_64.pkg.tar.zst	3111d6f53d44742f72485df8454cb9d3065b3552d97556bee45e8d07b1ac5d10
volume_key	0.3.12-11	extra-main	https://steamdeck-packages.steamos.cloud/archlinux-mirror/extra-main/os/x86_64/volume_key-0.3.12-11-x86_64.pkg.tar.zst	9677afbdcec8fb1cae20f70f11ec68700461c155a230afb4ea7a2f8373b10d84
vulkan-headers	1:1.4.321.0-1	extra-main	https://steamdeck-packages.steamos.cloud/archlinux-mirror/extra-main/os/x86_64/vulkan-headers-1:1.4.321.0-1-any.pkg.tar.zst	a4a581732b5f7b17b763334f20bbaff72088dff2127fdf1142dac222013a1689
wayland	1.23.1-2	extra-main	https://steamdeck-packages.steamos.cloud/archlinux-mirror/extra-main/os/x86_64/wayland-1.23.1-2-x86_64.pkg.tar.zst	9ca6bb8b3dea22e3858433817291486961f7d591a6bb91e9991b8cf0c08e7bc6
webrtc-audio-processing-1	1.3-5	extra-main	https://steamdeck-packages.steamos.cloud/archlinux-mirror/extra-main/os/x86_64/webrtc-audio-processing-1-1.3-5-x86_64.pkg.tar.zst	e4c80cb79ef6cefa32156650d4da34c6e848adbf586f04c7987df13abd8341d2
which	2.23-1	core-main	https://steamdeck-packages.steamos.cloud/archlinux-mirror/core-main/os/x86_64/which-2.23-1-x86_64.pkg.tar.zst	230ef63f1e2e8aa8ede4d4cc8f62f13572b164c66e85cca3b48eb5aaf2c8e7be
wireplumber	0.5.14-1.7	jupiter-main	https://steamdeck-packages.steamos.cloud/archlinux-mirror/jupiter-main/os/x86_64/wireplumber-0.5.14-1.7-x86_64.pkg.tar.zst	6bc57e11035825059a16ef0cde37c211843e59c2c689a1154f5a763cd12d19a9
xcb-proto	1.17.0-3	extra-main	https://steamdeck-packages.steamos.cloud/archlinux-mirror/extra-main/os/x86_64/xcb-proto-1.17.0-3-any.pkg.tar.zst	ebc4faca3df7cba10217f5f3f9ba6b4415c159d0a40caf632f3e38b0d9d68ce5
xcb-util	0.4.1-2	extra-main	https://steamdeck-packages.steamos.cloud/archlinux-mirror/extra-main/os/x86_64/xcb-util-0.4.1-2-x86_64.pkg.tar.zst	34ffaa2c68ac7985178a0cc379004fd40d0d0b1f02e48e8c0f4dc35b1e4946ea
xcb-util-cursor	0.1.5-1	extra-main	https://steamdeck-packages.steamos.cloud/archlinux-mirror/extra-main/os/x86_64/xcb-util-cursor-0.1.5-1-x86_64.pkg.tar.zst	1595ff6bb439de4b3374629306fb39d8b8d3218562021baeca16212c047ac3a5
xcb-util-image	0.4.1-3	extra-main	https://steamdeck-packages.steamos.cloud/archlinux-mirror/extra-main/os/x86_64/xcb-util-image-0.4.1-3-x86_64.pkg.tar.zst	c77aec71c7fc172a8b6cf8af98ff9886fc290f7fc5715ec4cc9591842491e075
xcb-util-keysyms	0.4.1-5	extra-main	https://steamdeck-packages.steamos.cloud/archlinux-mirror/extra-main/os/x86_64/xcb-util-keysyms-0.4.1-5-x86_64.pkg.tar.zst	312213911881c0742e2a825432feac761e863945b74bb3a6daca97a99778d35e
xcb-util-renderutil	0.3.10-2	extra-main	https://steamdeck-packages.steamos.cloud/archlinux-mirror/extra-main/os/x86_64/xcb-util-renderutil-0.3.10-2-x86_64.pkg.tar.zst	4855eaf033ec72f27cce311ebf4b7c9bd8518c73ee3a372bd9b1cf7baaafa4dd
xcb-util-wm	0.4.2-2	extra-main	https://steamdeck-packages.steamos.cloud/archlinux-mirror/extra-main/os/x86_64/xcb-util-wm-0.4.2-2-x86_64.pkg.tar.zst	aa4becb215290dc33fcf2938b4e5604fceaf1189e4d2d5688861001413fc888c
xdg-utils	1.2.1-1	extra-main	https://steamdeck-packages.steamos.cloud/archlinux-mirror/extra-main/os/x86_64/xdg-utils-1.2.1-1-any.pkg.tar.zst	5d03308a9b9dd8cc8375c087c4b91156de0059a7cb9675f69b55e895b8ecb79f
xkeyboard-config	2.45-1	extra-main	https://steamdeck-packages.steamos.cloud/archlinux-mirror/extra-main/os/x86_64/xkeyboard-config-2.45-1-any.pkg.tar.zst	1a3f048989b329d12becd02505eae1010fb487eb6b584cb5a83249b63d9eeff2
xorg-xprop	1.2.8-1	extra-main	https://steamdeck-packages.steamos.cloud/archlinux-mirror/extra-main/os/x86_64/xorg-xprop-1.2.8-1-x86_64.pkg.tar.zst	05dcc5b1d6616fd7566f6616bc0868b72c1028c011b95732f445db76217f8510
xorg-xset	1.2.5-2	extra-main	https://steamdeck-packages.steamos.cloud/archlinux-mirror/extra-main/os/x86_64/xorg-xset-1.2.5-2-x86_64.pkg.tar.zst	667f3950604eb9dfb0ac7e4687b14579038750af63dbe9a3e0f2200bbaa20b8b
xorgproto	2024.1-2	extra-main	https://steamdeck-packages.steamos.cloud/archlinux-mirror/extra-main/os/x86_64/xorgproto-2024.1-2-any.pkg.tar.zst	4892d1eecc171a523741f6bbd052feec908b1161640155878a7815a073b1f583
xxhash	0.8.3-1	extra-main	https://steamdeck-packages.steamos.cloud/archlinux-mirror/extra-main/os/x86_64/xxhash-0.8.3-1-x86_64.pkg.tar.zst	3d48ff40b744aa4503cd5638f620c2c39a12d27967d1db3ab46bf18ff4b2fd80
xz	5.8.1-1	core-main	https://steamdeck-packages.steamos.cloud/archlinux-mirror/core-main/os/x86_64/xz-5.8.1-1-x86_64.pkg.tar.zst	aeecc6315b7b6d6af8d43a375b1e2795e313563bfde8a5df5866952b087eb6ad
zix	0.6.2-1	extra-main	https://steamdeck-packages.steamos.cloud/archlinux-mirror/extra-main/os/x86_64/zix-0.6.2-1-x86_64.pkg.tar.zst	665414c1c6f4ed0a0787066f29081d6b785a4a1e4fd6d3d638a3c59449c597ab
zlib	1:1.3.1-2	core-main	https://steamdeck-packages.steamos.cloud/archlinux-mirror/core-main/os/x86_64/zlib-1:1.3.1-2-x86_64.pkg.tar.zst	4e44ca417663fbdbadd2aa975cb5f56c2fe771ca76bc1462f63760d813fe2458
zstd	1.5.7-2	core-main	https://steamdeck-packages.steamos.cloud/archlinux-mirror/core-main/os/x86_64/zstd-1.5.7-2-x86_64.pkg.tar.zst	7088eb799005899e24874e2d1af4ef73df1ff9a97ee74179245c64c9c4b0fa3c
